SMILES,label,mw,logp,nhbd,nhba,nrbonds,natoms,nhatoms,mr,tpsa,fcharge,scaffold,AC_status
CN(C)CC(=C)C(=O)c1ccc(cc1)OS(=O)(=O)c2ccc(cc2)C(=O)O,4.3,389.093308328,2.4530000000000003,1,6,8,27,27,99.68160000000006,100.98,0,O=S(=O)(Oc1ccccc1)c1ccccc1,nonAC
c1cc(ccc1c2coc3cc(cc(c3c2=O)O)O)O,5.0,270.05282342,2.576800000000001,3,5,1,20,20,72.9144,90.9,0,O=c1c(-c2ccccc2)coc2ccccc12,nonAC
CN(C)CC(=C)C(=O)c1ccc(cc1)OS(=O)(=O)c2ccc(cc2)C(=O)N(C)C,4.16,416.140592868,2.456600000000001,0,6,8,29,29,110.73980000000006,83.99,0,O=S(=O)(Oc1ccccc1)c1ccccc1,nonAC
Cc1c(sc(n1)C)c2c3c(n[nH]2)-c4cccc(c4C3=O)NC(=O)NN5CCN(CC5)C,4.75,437.16339397600007,2.645340000000001,3,7,3,31,31,119.26260000000003,106.25,0,O=C(Nc1cccc2c1C(=O)c1c-2n[nH]c1-c1cncs1)NN1CCNCC1,nonAC
c1ccnc(c1)c2ccnc(n2)Nc3cccc(c3)[N+](=O)[O-],5.92,293.091274592,3.190400000000001,1,6,4,22,22,81.64210000000003,93.84,0,c1ccc(Nc2nccc(-c3ccccn3)n2)cc1,nonAC
Cc1ccc(cc1)C(=O)Nc2ccc(c(c2)Nc3nccc(n3)c4cccnc4)C,7.2,395.17461029200007,5.151340000000004,2,5,5,30,30,118.8569,79.8,0,O=C(Nc1cccc(Nc2nccc(-c3cccnc3)n2)c1)c1ccccc1,AC
Cc1ccc(cc1Nc2nccc(n2)c3cccnc3)NC(=O)c4ccc(cc4)CN5CCN(CC5)C,6.59633333333,493.25900861200006,4.590320000000004,2,7,7,37,37,146.8938999999998,86.28,0,O=C(Nc1cccc(Nc2nccc(-c3cccnc3)n2)c1)c1ccc(CN2CCNCC2)cc1,nonAC
Cc1ccc(cc1Nc2nccc(n2)c3cccnc3)NC(=O)c4ccc(cc4)Cl,6.1,415.119987876,5.496320000000003,2,5,5,30,30,119.1299,79.80000000000001,0,O=C(Nc1cccc(Nc2nccc(-c3cccnc3)n2)c1)c1ccccc1,AC
c1cc(cc(c1)Cl)Nc2nccc(n2)c3cccnc3,5.82,282.067224032,3.9356000000000018,1,4,3,20,20,79.99770000000002,50.7,0,c1ccc(Nc2nccc(-c3cccnc3)n2)cc1,AC
c1ccc(cc1)C(=O)Nc2cccc(c2)Nc3nccc(n3)c4cccnc4,6.4,367.14331016400007,4.534500000000003,2,5,5,28,28,109.3829,79.8,0,O=C(Nc1cccc(Nc2nccc(-c3cccnc3)n2)c1)c1ccccc1,AC
c1cc(cc(c1)Nc2nccc(n2)c3cccnc3)C(=O)O,5.1,292.09602562399994,2.9804000000000004,2,5,4,22,22,81.94700000000005,88.00000000000001,0,c1ccc(Nc2nccc(-c3cccnc3)n2)cc1,AC
Cc1ccc(cc1Nc2nccc(n2)c3cccnc3)NC(=O)c4ccc5ccccc5c4,6.7,431.174610292,5.996120000000004,2,5,5,33,33,131.62589999999997,79.80000000000001,0,O=C(Nc1cccc(Nc2nccc(-c3cccnc3)n2)c1)c1ccc2ccccc2c1,nonAC
Cc1ccc(cc1Nc2nccc(n2)c3cccnc3)NC(=O)C,5.24,319.143310164,3.5490200000000014,2,5,4,24,24,94.02840000000003,79.80000000000001,0,c1ccc(Nc2nccc(-c3cccnc3)n2)cc1,AC
c1cc(cc(c1)NC(=O)c2ccc(cc2)F)Nc3nccc(n3)c4cccnc4,6.7,385.133888352,4.673600000000002,2,5,5,29,29,109.3409,79.8,0,O=C(Nc1cccc(Nc2nccc(-c3cccnc3)n2)c1)c1ccccc1,AC
c1cc(cc(c1)[N+](=O)[O-])Nc2nccc(n2)c3ccncc3,4.22,293.09127459200005,3.1904000000000003,1,6,4,22,22,81.6421,93.84,0,c1ccc(Nc2nccc(-c3ccncc3)n2)cc1,AC
c1cc(cc(c1)Nc2nccc(n2)c3cccnc3)C(=O)NCCCN,6.4,348.16985926,2.3608,3,6,7,26,26,100.99230000000004,105.82,0,c1ccc(Nc2nccc(-c3cccnc3)n2)cc1,AC
c1cc(cc(c1)Nc2nccc(n2)c3ccncc3)N,6.22,263.117095416,2.8644,2,5,3,20,20,79.40010000000001,76.72,0,c1ccc(Nc2nccc(-c3ccncc3)n2)cc1,AC
CCCCCC(=O)Nc1cccc(c1)Nc2nccc(n2)c3cccnc3,6.7,361.19026035600007,4.801000000000003,2,5,8,27,27,107.7594,79.8,0,c1ccc(Nc2nccc(-c3cccnc3)n2)cc1,AC
c1cc(cc(c1)OCCn2ccnc2)Nc3nccc(n3)c4cccnc4,6.0,358.154209196,3.5577000000000014,1,7,7,27,27,102.7097,77.75,0,c1cc(Nc2nccc(-c3cccnc3)n2)cc(OCCn2ccnc2)c1,nonAC
Cc1ccc(cc1)C(=O)Nc2cccc(c2)Nc3nccc(n3)c4cccnc4,6.0,381.15896022800007,4.842920000000003,2,5,5,29,29,114.1199,79.8,0,O=C(Nc1cccc(Nc2nccc(-c3cccnc3)n2)c1)c1ccccc1,AC
COc1ccccc1C(=O)Nc2cccc(c2)Nc3nccc(n3)c4cccnc4,5.72,397.153874848,4.543100000000004,2,6,6,30,30,115.9349,89.03,0,O=C(Nc1cccc(Nc2nccc(-c3cccnc3)n2)c1)c1ccccc1,AC
c1cc(cc(c1)n2ccnc2)Nc3nccc(n3)c4cccnc4,5.48,314.127994448,3.467900000000001,1,6,4,24,24,92.1097,68.52000000000001,0,c1cncc(-c2ccnc(Nc3cccc(-n4ccnc4)c3)n2)c1,nonAC
c1ccnc(c1)C(=O)Nc2cccc(c2)Nc3nccc(n3)c4cccnc4,5.42,368.13855913200007,3.9295000000000018,2,6,5,28,28,107.1779,92.69,0,O=C(Nc1cccc(Nc2nccc(-c3cccnc3)n2)c1)c1ccccn1,nonAC
COC(=O)c1cccc(c1)Nc2nccc(n2)c3cccnc3,5.29,306.111675688,3.0688000000000004,1,6,4,23,23,86.32720000000002,77.0,0,c1ccc(Nc2nccc(-c3cccnc3)n2)cc1,AC
c1ccc2c(c1)c(c[nH]2)c3ccnc(n3)Nc4cccc(c4)OC(C(F)F)(F)F,6.43,402.110373948,5.605200000000002,2,4,6,29,29,100.6284,62.83,0,c1ccc(Nc2nccc(-c3c[nH]c4ccccc34)n2)cc1,nonAC
c1ccc(c(c1)C(=O)Nc2cccc(c2)Nc3nccc(n3)c4cccnc4)C(=O)O,5.7,411.133139404,4.232700000000002,3,6,6,31,31,116.34220000000002,117.1,0,O=C(Nc1cccc(Nc2nccc(-c3cccnc3)n2)c1)c1ccccc1,AC
CN1CCN(CC1)Cc2ccc(cc2)C(=O)Nc3cccc(c3)Nc4nccc(n4)c5cccnc5,7.0,479.2433585480001,4.281900000000003,2,7,7,36,36,142.1568999999999,86.28,0,O=C(Nc1cccc(Nc2nccc(-c3cccnc3)n2)c1)c1ccc(CN2CCNCC2)cc1,nonAC
c1cc(cc(c1)NC(=O)c2cccnc2)Nc3nccc(n3)c4cccnc4,6.82,368.13855913200007,3.929500000000001,2,6,5,28,28,107.1779,92.69,0,O=C(Nc1cccc(Nc2nccc(-c3cccnc3)n2)c1)c1cccnc1,nonAC
c1cc(cc(c1)OC(C(F)F)(F)F)Nc2nccc(n2)c3cccc4c3ccn4CCCN,6.46,459.16822317200007,5.427400000000004,2,6,9,33,33,117.93910000000002,77.99,0,c1ccc(Nc2nccc(-c3cccc4[nH]ccc34)n2)cc1,nonAC
Cc1ccc(cc1Nc2nccc(n2)c3cccnc3)NC(=O)c4ccccc4OC,6.1,411.169524912,4.851520000000003,2,6,6,31,31,120.67190000000002,89.03000000000002,0,O=C(Nc1cccc(Nc2nccc(-c3cccnc3)n2)c1)c1ccccc1,AC
c1cc(cc(c1)NC(=O)c2cccs2)Nc3nccc(n3)c4cccnc4,6.52,373.0997311,4.596000000000003,2,6,5,27,27,107.2599,79.8,0,O=C(Nc1cccc(Nc2nccc(-c3cccnc3)n2)c1)c1cccs1,nonAC
Cc1ccc(cc1Nc2nccc(n2)c3cccnc3)NC(=O)c4ccccc4,5.65,381.158960228,4.842920000000003,2,5,5,29,29,114.11990000000002,79.80000000000001,0,O=C(Nc1cccc(Nc2nccc(-c3cccnc3)n2)c1)c1ccccc1,AC
Cc1ccc(cc1Nc2nccc(n2)c3cccnc3)N,5.82,277.13274548000004,3.1728200000000006,2,5,3,21,21,84.13710000000002,76.72,0,c1ccc(Nc2nccc(-c3cccnc3)n2)cc1,AC
c1ccc(cc1)Nc2nccc(n2)c3cccnc3,5.75,248.106196384,3.2822000000000005,1,4,3,19,19,74.98770000000003,50.7,0,c1ccc(Nc2nccc(-c3cccnc3)n2)cc1,AC
c1cc(cc(c1)NC(=O)c2ccncc2)Nc3nccc(n3)c4cccnc4,6.3,368.13855913200007,3.929500000000001,2,6,5,28,28,107.1779,92.69,0,O=C(Nc1cccc(Nc2nccc(-c3cccnc3)n2)c1)c1ccncc1,nonAC
c1cc(cc(c1)Nc2nccc(n2)c3cccnc3)N,6.16,263.117095416,2.8644,2,5,3,20,20,79.40010000000001,76.72,0,c1ccc(Nc2nccc(-c3cccnc3)n2)cc1,AC
c1cc(cc(c1)[N+](=O)[O-])Nc2nccc(n2)c3cccnc3,4.47,293.09127459200005,3.1904000000000003,1,6,4,22,22,81.6421,93.84,0,c1ccc(Nc2nccc(-c3cccnc3)n2)cc1,AC
c1cc(cc(c1)NC(=O)C2CCCCC2)Nc3nccc(n3)c4cccnc4,6.35,373.19026035600007,4.801000000000003,2,5,5,28,28,110.1924,79.8,0,O=C(Nc1cccc(Nc2nccc(-c3cccnc3)n2)c1)C1CCCCC1,nonAC
c1cc(cc(c1)NC(=O)c2ccc(cc2)C#N)Nc3nccc(n3)c4cccnc4,5.89,392.13855913200007,4.406180000000003,2,6,5,30,30,114.09789999999998,103.59,0,O=C(Nc1cccc(Nc2nccc(-c3cccnc3)n2)c1)c1ccccc1,AC
c1cc(cc(c1)Cl)Nc2c3c([nH]nc3ncn2)Nc4ccc(cc4)N,5.93,351.099921128,4.075700000000001,4,6,4,25,25,100.55549999999997,104.54,0,c1ccc(Nc2ncnc3n[nH]c(Nc4ccccc4)c23)cc1,nonAC
c1ccc(cc1)Nc2c3c([nH]nc3Nc4ccccc4)ncn2,5.71,302.12799444800004,3.8401000000000014,3,5,4,23,23,91.1331,78.52,0,c1ccc(Nc2ncnc3[nH]nc(Nc4ccccc4)c23)cc1,nonAC
c1cc(cc(c1)N)c2c3c(ncnc3Nc4cccc(c4)Cl)n[nH]2,5.51,336.08902209600006,3.9991,3,5,3,24,24,96.2668,92.51,0,c1ccc(Nc2ncnc3n[nH]c(-c4ccccc4)c23)cc1,nonAC
COc1cccc(c1)Nc2c3c(ncnc3Nc4cccc(c4)Cl)n[nH]2,5.47,366.0995867800001,4.502100000000001,3,6,5,26,26,102.6951,87.75,0,c1ccc(Nc2ncnc3n[nH]c(Nc4ccccc4)c23)cc1,nonAC
c1ccc(c(c1)C(=O)Nc2cccc(c2)C(F)(F)F)NCc3ccncc3,5.55,371.1245467920001,4.964800000000002,2,3,5,27,27,97.4029,54.02,0,O=C(Nc1ccccc1)c1ccccc1NCc1ccncc1,nonAC
c1ccc(cc1)CNc2c3c([nH]n2)ncnc3Nc4cccc(c4)Cl,5.18,350.10467216,4.362000000000002,3,5,5,25,25,100.1871,78.52000000000001,0,c1ccc(CNc2n[nH]c3ncnc(Nc4ccccc4)c23)cc1,nonAC
c1cc(cc(c1)Cl)Nc2c3c(ncnc3[nH]n2)N,6.39,260.057721968,2.3321,3,5,2,18,18,70.8308,92.51,0,c1ccc(Nc2n[nH]c3ncncc23)cc1,nonAC
c1cc(cc(c1)O)c2c3c(ncnc3Nc4cccc(c4)Cl)n[nH]2,6.75,337.07303768400004,4.122500000000001,3,5,3,24,24,93.5192,86.72,0,c1ccc(Nc2ncnc3n[nH]c(-c4ccccc4)c23)cc1,nonAC
c1cc(cc(c1)Cl)Nc2c3c([nH]nc3ncn2)c4ccc(cc4)N,5.44,336.08902209600006,3.999100000000002,3,5,3,24,24,96.26679999999998,92.51,0,c1ccc(Nc2ncnc3n[nH]c(-c4ccccc4)c23)cc1,nonAC
c1cc(cc(c1)Cl)Nc2c3c(nc(nc3n[nH]2)N)N,6.39,275.068621,1.9143,4,6,2,19,19,75.24319999999999,118.53,0,c1ccc(Nc2[nH]nc3ncncc23)cc1,nonAC
COc1ccc(cc1)c2c3c(ncnc3Nc4cccc(c4)Cl)n[nH]2,4.78,351.08868774800004,4.425500000000002,2,5,4,25,25,98.4064,75.72,0,c1ccc(Nc2ncnc3n[nH]c(-c4ccccc4)c23)cc1,nonAC
COc1cccc(c1)CNc2c3c(ncnc3Nc4cccc(c4)Cl)n[nH]2,5.46,380.1152368440001,4.370600000000001,3,6,6,27,27,106.7391,87.75,0,c1ccc(CNc2[nH]nc3ncnc(Nc4ccccc4)c23)cc1,nonAC
c1cc(cc(c1)Cl)Nc2c3c([nH]nc3Nc4cccc(c4)Cl)ncn2,5.7,370.050049744,5.146900000000002,3,5,4,25,25,101.15309999999998,78.52,0,c1ccc(Nc2ncnc3[nH]nc(Nc4ccccc4)c23)cc1,nonAC
c1cc(cc(c1)Cl)Nc2c3c(ncnc3Nc4cccc(c4)Br)n[nH]2,5.87,413.999534164,5.256000000000002,3,5,4,25,25,103.8431,78.52000000000001,0,c1ccc(Nc2ncnc3n[nH]c(Nc4ccccc4)c23)cc1,nonAC
c1ccc(cc1)Nc2c3c([nH]nc3ncn2)Nc4cccc(c4)Cl,5.87,336.089022096,4.493500000000001,3,5,4,24,24,96.1431,78.52000000000001,0,c1ccc(Nc2ncnc3n[nH]c(Nc4ccccc4)c23)cc1,nonAC
c1cc(cc(c1)O)Nc2c3c(ncnc3Nc4cccc(c4)Cl)n[nH]2,6.59,352.0839367160001,4.199100000000001,4,6,4,25,25,97.8079,98.75,0,c1ccc(Nc2ncnc3n[nH]c(Nc4ccccc4)c23)cc1,nonAC
CN1CCC(CC1)COc2cc3c(cc2OC)c(ncn3)Nc4ccc(cc4F)Br,6.945,474.1066663280001,5.004200000000004,1,6,6,30,30,119.18870000000004,59.510000000000005,0,c1ccc(Nc2ncnc3cc(OCC4CCNCC4)ccc23)cc1,nonAC
COc1cc2c(cc1OC)ncnc2Nc3cccc(c3)Br,7.52,359.026938788,4.153100000000002,1,5,4,22,22,90.06670000000003,56.27,0,c1ccc(Nc2ncnc3ccccc23)cc1,nonAC
c1cc(cc(c1)Cl)Nc2c3c([nH]nc3ncn2)Nc4ccc(cc4)O,6.82,352.083936716,4.199100000000001,4,6,4,25,25,97.80789999999998,98.75,0,c1ccc(Nc2ncnc3n[nH]c(Nc4ccccc4)c23)cc1,nonAC
c1ccc2c(c1)cncc2c3cccc(c3)NC(=O)c4ccccc4NCc5ccncc5,5.27,430.179361324,6.1612000000000045,2,4,6,33,33,133.13789999999997,66.91,0,O=C(Nc1cccc(-c2cncc3ccccc23)c1)c1ccccc1NCc1ccncc1,nonAC
Cc1cccc(c1)Nc2c3c([nH]nc3Nc4cccc(c4)Cl)ncn2,5.78,350.10467216000006,4.801920000000003,3,5,4,25,25,100.8801,78.52,0,c1ccc(Nc2ncnc3[nH]nc(Nc4ccccc4)c23)cc1,nonAC
c1ccc(cc1)c2c3c([nH]n2)ncnc3Nc4cccc(c4)Cl,5.43,321.07812306399995,4.416900000000002,2,4,3,23,23,91.8544,66.49,0,c1ccc(Nc2ncnc3[nH]nc(-c4ccccc4)c23)cc1,nonAC
c1cc(cc(c1)Cl)Nc2c3c([nH]nc3ncn2)c4ccc(cc4)O,6.62,337.073037684,4.122500000000002,3,5,3,24,24,93.51919999999998,86.72000000000001,0,c1ccc(Nc2ncnc3n[nH]c(-c4ccccc4)c23)cc1,nonAC
Cc1ccc(cc1Nc2nccc(n2)c3cccnc3)NC(=O)N4CCCCC4,6.03,388.201159388,4.608420000000003,2,5,4,29,29,114.16740000000004,83.04,0,O=C(Nc1cccc(Nc2nccc(-c3cccnc3)n2)c1)N1CCCCC1,nonAC
Cc1ccc(cc1Nc2nccc(n2)c3cccnc3)NC(=O)Nc4cccc(c4)Cl,6.76,430.130886908,5.888020000000003,3,5,5,31,31,123.8181,91.83,0,O=C(Nc1ccccc1)Nc1cccc(Nc2nccc(-c3cccnc3)n2)c1,nonAC
Cc1ccc(cc1Nc2nccc(n2)c3cccnc3)NC(=O)Nc4cccnc4,6.0,397.16510822800007,4.629620000000003,3,6,5,30,30,116.6031,104.72,0,O=C(Nc1cccnc1)Nc1cccc(Nc2nccc(-c3cccnc3)n2)c1,nonAC
Cc1ccc(cc1Nc2nccc(n2)c3cccnc3)NC(=O)Nc4cccc(c4)N(C)C,7.25,439.21205842000006,5.300620000000004,3,6,6,33,33,133.13509999999997,95.07,0,O=C(Nc1ccccc1)Nc1cccc(Nc2nccc(-c3cccnc3)n2)c1,nonAC
CCN(CC)c1cccc(c1)NC(=O)Nc2ccc(c(c2)Nc3nccc(n3)c4cccnc4)C,6.55,467.2433585480001,6.080820000000005,3,6,8,35,35,142.36909999999986,95.07,0,O=C(Nc1ccccc1)Nc1cccc(Nc2nccc(-c3cccnc3)n2)c1,nonAC
Cc1ccc(cc1Nc2nccc(n2)c3cccnc3)NC(=O)Nc4cccc(c4)N5CCCC5,7.28,465.22770848400006,5.834820000000004,3,6,6,35,35,140.25509999999986,95.07,0,O=C(Nc1cccc(Nc2nccc(-c3cccnc3)n2)c1)Nc1cccc(N2CCCC2)c1,nonAC
CC12C(C(CC(O1)n3c4ccccc4c5c3c6n2c7ccccc7c6c8c5C(=O)NC8)NC)OC,6.87714285714,466.200490692,4.354000000000004,2,6,2,35,35,135.6479,69.45,0,O=C1NCc2c1c1c3ccccc3n3c1c1c2c2ccccc2n1C1CCCC3O1,nonAC
COc1cc2c(cc1OC)-c3c(c([nH]n3)Nc4cccc(c4)F)C2,7.66,325.122654972,3.8808000000000016,2,4,4,24,24,89.61640000000003,59.17,0,c1ccc(Nc2[nH]nc3c2Cc2ccccc2-3)cc1,nonAC
c1cc2c(cc1O)cc([nH]2)C(=O)c3cc4cc(ccc4[nH]3)O,5.89,292.084792244,3.2914000000000008,4,3,2,22,22,83.35950000000003,89.11,0,O=C(c1cc2ccccc2[nH]1)c1cc2ccccc2[nH]1,nonAC
c1cc(oc1)CNc2ccc3c(c2)c(n[nH]3)c4[nH]c5ccc(cc5n4)N6CCC(CC6)N7CCCCC7,7.22,495.2746586760001,5.766000000000005,3,6,6,37,37,147.87509999999978,89.00999999999999,0,c1coc(CNc2ccc3[nH]nc(-c4nc5cc(N6CCC(N7CCCCC7)CC6)ccc5[nH]4)c3c2)c1,nonAC
c1ccc(cc1)Oc2ccc3c(c2)c([nH]n3)c4[nH]c5ccc(cc5n4)N6CCC(CC6)N7CCCCC7,7.52,492.26375964400006,6.353200000000006,2,5,5,37,37,148.35639999999975,73.07,0,c1ccc(Oc2ccc3n[nH]c(-c4nc5cc(N6CCC(N7CCCCC7)CC6)ccc5[nH]4)c3c2)cc1,nonAC
COc1ccc2c(c1)c(n[nH]2)c3[nH]c4ccc(cc4n3)N5CCC(CC5)N6CCCCC6,6.64,430.24810958,4.569500000000004,2,5,4,32,32,128.39240000000007,73.07,0,c1ccc2c(-c3nc4cc(N5CCC(N6CCCCC6)CC5)ccc4[nH]3)n[nH]c2c1,nonAC
c1ccc2c(c1)c([nH]n2)c3[nH]c4ccc(cc4n3)N5CCC(CC5)N6CCCCC6,6.22,400.237544896,4.560900000000004,2,4,3,30,30,121.84040000000006,63.84,0,c1ccc2c(-c3nc4cc(N5CCC(N6CCCCC6)CC5)ccc4[nH]3)[nH]nc2c1,nonAC
Cc1ccc(cc1Nc2nccc(n2)c3cccnc3)NC(=O)c4ccc(cc4)CN5CCN(CC5)C,6.37,493.25900861200006,4.590320000000004,2,7,7,37,37,146.8938999999998,86.28,0,O=C(Nc1cccc(Nc2nccc(-c3cccnc3)n2)c1)c1ccc(CN2CCNCC2)cc1,nonAC
CN1CCN(CC1)c2ccc(cc2)C(=O)Nc3c4c(n[nH]3)CN(C4)C(=O)C(c5ccccc5)OC,7.85,474.23793882,2.6437,2,6,6,35,35,133.13889999999995,93.8,0,O=C(Nc1[nH]nc2c1CN(C(=O)Cc1ccccc1)C2)c1ccc(N2CCNCC2)cc1,nonAC
COc1cc(cc(c1OC)OC)C2=C(C(=O)NC2=O)c3c[nH]c4c3cccc4,4.03,378.121571676,2.7609000000000004,2,5,5,28,28,104.3604,89.65,0,O=C1NC(=O)C(c2c[nH]c3ccccc23)=C1c1ccccc1,nonAC
CN(C)Cc1cc(co1)c2cc3c(cc2OC)c(c(cn3)C#N)Nc4cc(c(cc4Cl)Cl)OC,9.37,496.106895924,6.495680000000004,1,7,7,34,34,134.39969999999997,83.55,0,c1ccc(Nc2ccnc3cc(-c4ccoc4)ccc23)cc1,nonAC
Cc1cccc(c1c2cc(c3c(c2)nnc(n3)Nc4ccc(cc4)OCCN5CCCC5)C)C,6.46,453.252860612,5.835260000000006,1,6,7,34,34,137.8736999999999,63.17000000000001,0,c1ccc(-c2ccc3nc(Nc4ccc(OCCN5CCCC5)cc4)nnc3c2)cc1,nonAC
Cc1ccc(cc1Nc2nccc(n2)c3cccnc3)NC(=O)c4ccc(cc4)N=NN(C)CO,5.98,468.202222008,4.723220000000005,3,8,8,35,35,133.4847,127.99,0,O=C(Nc1cccc(Nc2nccc(-c3cccnc3)n2)c1)c1ccccc1,AC
Cc1ccc(cc1Nc2nccc(n2)c3cccnc3)NC(=O)c4ccc(c(c4)Cl)N=NNC,6.75,472.1526849720001,5.714420000000004,3,7,7,34,34,132.70559999999998,116.55,0,O=C(Nc1cccc(Nc2nccc(-c3cccnc3)n2)c1)c1ccccc1,AC
Cc1ccc(cc1Nc2nccc(n2)c3cccnc3)NC(=O)c4ccc(c(c4)C(F)(F)F)N,6.81,464.157243888,5.443920000000003,3,6,5,34,34,123.53430000000004,105.82,0,O=C(Nc1cccc(Nc2nccc(-c3cccnc3)n2)c1)c1ccccc1,AC
Cc1ccc(cc1Nc2nccc(n2)c3cccnc3)NC(=O)c4ccc(cc4)CN(C)CCCl,5.51,486.193487164,5.513520000000005,2,6,9,35,35,141.17389999999986,83.04,0,O=C(Nc1cccc(Nc2nccc(-c3cccnc3)n2)c1)c1ccccc1,AC
CC(C)NCc1ccc(cc1)Nc2cc([nH]n2)c3ccc(cc3)c4ccc(cc4O)O,5.96,414.20557607199993,5.396500000000005,5,5,7,31,31,124.4897,93.2,0,c1ccc(Nc2cc(-c3ccc(-c4ccccc4)cc3)[nH]n2)cc1,nonAC
Cc1cccc(c1NC(=O)c2cnc(s2)Nc3cc(nc(n3)C)N4CCN(CC4)CCO)Cl,8.951,487.155721752,3.313540000000002,3,9,7,33,33,132.04670000000002,106.51,0,O=C(Nc1ccccc1)c1cnc(Nc2cc(N3CCNCC3)ncn2)s1,nonAC
Cc1cccc(c1NC(=O)c2cnc(s2)Nc3cc(nc(n3)C)N4CCN(CC4)CCF)Cl,8.04,489.1513853200001,4.290740000000003,2,8,7,33,33,130.9359,86.27999999999999,0,O=C(Nc1ccccc1)c1cnc(Nc2cc(N3CCNCC3)ncn2)s1,nonAC
CCN(CC)CCOc1ccc(cc1)Nc2cc(ncn2)NC(=O)Nc3c(cccc3Cl)Cl,6.6,488.149429432,5.891600000000005,3,6,10,33,33,134.14309999999998,91.41,0,O=C(Nc1ccccc1)Nc1cc(Nc2ccccc2)ncn1,nonAC
COc1cc2c(ccnc2cc1OC)Oc3ccc4c(c3)cccc4C(=O)NC5CC5,6.33,414.157957184,5.089700000000004,1,5,6,31,31,119.35720000000003,69.67999999999999,0,O=C(NC1CC1)c1cccc2cc(Oc3ccnc4ccccc34)ccc12,nonAC
COc1cc2c(ccnc2cc1OC)Oc3ccc4c(c3)cccc4C(=O)N,6.96,374.126657056,4.296400000000003,1,5,5,28,28,107.38690000000004,83.67,0,c1ccc2cc(Oc3ccnc4ccccc34)ccc2c1,nonAC
CC(c1c(ccc(c1Cl)F)Cl)Oc2cc(cnc2N)c3cnn(c3)C4CCNCC4,6.78,449.1185439040001,5.0377000000000045,2,6,5,30,30,116.47410000000002,77.99000000000001,0,c1ccc(COc2cncc(-c3cnn(C4CCNCC4)c3)c2)cc1,nonAC
Cc1cccc(c1C=Cn2cnc3c2nc(nc3Nc4ccc(cc4)P(=O)(C)C)C5CCCC5)C,7.49,485.23444727399993,6.720240000000006,1,6,6,35,35,146.4851999999998,72.7,0,C(=Cn1cnc2c(Nc3ccccc3)nc(C3CCCC3)nc21)c1ccccc1,nonAC
Cc1cccc(c1C=Cn2cnc3c2nc(nc3Nc4ccc(cc4)P(=O)(C)C)C(C)C)C,7.8,459.21879720999993,6.1860400000000055,1,6,6,33,33,139.36519999999987,72.7,0,C(=Cn1cnc2c(Nc3ccccc3)ncnc21)c1ccccc1,AC
Cc1cccc(c1C=Cn2cnc3c2nc(nc3Nc4ccc(cc4)P(=O)(C)C)OCCOC)C,8.8,491.2086264499999,5.087840000000004,1,8,9,35,35,142.64719999999983,91.16,0,C(=Cn1cnc2c(Nc3ccccc3)ncnc21)c1ccccc1,AC
Cc1cccc(c1C=Cn2cnc3c2nc(nc3Nc4ccc(cc4)P(=O)(C)C)OC(C)C)C,8.14,475.2137118299999,5.849840000000006,1,7,7,34,34,141.04019999999986,81.93,0,C(=Cn1cnc2c(Nc3ccccc3)ncnc21)c1ccccc1,AC
Cc1cccc(c1C=Cn2cnc3c2nc(nc3Nc4ccc(cc4)P(=O)(C)C)OC)C,8.75,447.1824117019999,5.071240000000005,1,7,6,32,32,131.82819999999998,81.93,0,C(=Cn1cnc2c(Nc3ccccc3)ncnc21)c1ccccc1,AC
Cc1cccc(c1C=Cn2cnc3c2nc(nc3Nc4ccc(cc4)P(=O)(C)C)n5ccnc5)C,8.79,483.193645082,5.248340000000004,1,8,6,35,35,142.3981999999998,90.52,0,C(=Cn1cnc2c(Nc3ccccc3)nc(-n3ccnc3)nc21)c1ccccc1,nonAC
Cc1cccc(c1C=Cn2cnc3c2nc(nc3Nc4ccc(cc4)P(=O)(C)C)N5CCCC5)C,7.71,486.229696242,5.662840000000005,1,7,6,35,35,146.7231999999998,75.94,0,C(=Cn1cnc2c(Nc3ccccc3)nc(N3CCCC3)nc21)c1ccccc1,nonAC
Cc1cccc(c1C=Cn2cnc3c2nc(nc3Nc4ccc(cc4)P(=O)(C)C)N(C)C)C,7.75,460.214046178,5.128640000000004,1,7,6,33,33,139.60319999999987,75.94,0,C(=Cn1cnc2c(Nc3ccccc3)ncnc21)c1ccccc1,AC
CCCP(=O)(CCC)c1ccc(cc1)Nc2c3c(ncn2)n(cn3)C=Cc4c(cccc4C)C,7.76,473.2344472740001,6.623040000000006,1,6,9,34,34,143.74419999999986,72.7,0,C(=Cn1cnc2c(Nc3ccccc3)ncnc21)c1ccccc1,AC
CP(=O)(C)c1ccc(cc1)Nc2c3c(ncn2)n(cn3)C=Cc4cccc5c4cn[nH]5,8.63,429.1466948900001,4.3221000000000025,2,7,5,31,31,125.45390000000002,101.38,0,C(=Cn1cnc2c(Nc3ccccc3)ncnc21)c1cccc2[nH]ncc12,nonAC
CP(=O)(C)c1ccc(cc1)Nc2c3c(ncn2)n(cn3)C=Cc4cccc5c4cc[nH]5,7.78,428.1514459220001,4.927100000000003,2,6,5,31,31,127.65890000000002,88.49000000000001,0,C(=Cn1cnc2c(Nc3ccccc3)ncnc21)c1cccc2[nH]ccc12,nonAC
CP(=O)(C)c1ccc(cc1)Nc2c3c(ncn2)n(cn3)C=Cc4ccccc4Cl,7.16,423.101574538,5.099200000000003,1,6,5,29,29,120.81220000000002,72.7,0,C(=Cn1cnc2c(Nc3ccccc3)ncnc21)c1ccccc1,AC
Cc1cccc(c1C=Cn2cnc3c2ncnc3Nc4ccc(cc4)P(=O)(C)C)Cl,8.56,437.117224602,5.407620000000004,1,6,5,30,30,125.5492,72.7,0,C(=Cn1cnc2c(Nc3ccccc3)ncnc21)c1ccccc1,AC
Cc1cccc(c1C=Cn2cnc3c2ncnc3Nc4ccc(cc4)P(=O)(C)C)C,8.45,417.171847018,5.0626400000000045,1,6,5,30,30,125.27620000000005,72.7,0,C(=Cn1cnc2c(Nc3ccccc3)ncnc21)c1ccccc1,AC
CCCP(=O)(CCC)c1ccc(cc1)Nc2c3c(nc(n2)C(C)C)n(cn3)C=Cc4ccccc4,6.2,487.2500973380001,7.129600000000007,1,6,10,35,35,148.3591999999998,72.7,0,C(=Cn1cnc2c(Nc3ccccc3)ncnc21)c1ccccc1,AC
CCCP(=O)(CCC)c1ccc(cc1)Nc2c3c(nc(n2)C(C)C)n(cn3)C=Cc4ccccc4,7.14,487.2500973380001,7.129600000000007,1,6,10,35,35,148.3591999999998,72.7,0,C(=Cn1cnc2c(Nc3ccccc3)ncnc21)c1ccccc1,AC
Cc1ccc(cc1Nc2ncc(s2)c3cccnc3)NC(=O)c4ccc(s4)C=CC(=O)NO,5.59,477.092931468,5.089520000000003,4,8,7,33,33,131.04210000000006,116.24,0,O=C(Nc1cccc(Nc2ncc(-c3cccnc3)s2)c1)c1cccs1,nonAC
Cc1ccc(cc1Nc2nc(cs2)c3cccnc3)NC(=O)c4ccc(cc4)C=CC(=O)NO,5.57,471.136510532,5.028020000000004,4,7,7,34,34,133.16510000000002,116.24,0,O=C(Nc1cccc(Nc2nc(-c3cccnc3)cs2)c1)c1ccccc1,nonAC
c1cc(cc(c1)NC(=O)c2ccc(s2)C=CC(=O)NO)Nc3ncc(s3)c4cccnc4,5.42,463.0772814040001,4.781100000000003,4,8,7,32,32,126.3051,116.24,0,O=C(Nc1cccc(Nc2ncc(-c3cccnc3)s2)c1)c1cccs1,nonAC
c1cc(cc(c1)NC(=O)c2ccc(cc2)C=CC(=O)NO)Nc3ncc(s3)c4cccnc4,5.35,457.1208604680001,4.7196000000000025,4,7,7,33,33,128.42809999999997,116.24,0,O=C(Nc1cccc(Nc2ncc(-c3cccnc3)s2)c1)c1ccccc1,nonAC
Cc1ccc(cc1Nc2ncc(s2)c3cccnc3)NC(=O)c4ccc(cc4)C(=O)NO,5.05,445.120860468,4.628420000000004,4,7,6,32,32,123.45460000000004,116.24,0,O=C(Nc1cccc(Nc2ncc(-c3cccnc3)s2)c1)c1ccccc1,nonAC
Cc1ccc(cc1Nc2nccc(n2)c3cccnc3)NCc4ccc(cc4)C=CC(=O)NO,5.04,452.196074008,4.721320000000003,4,7,8,34,34,132.45660000000004,112.06000000000002,0,c1ccc(CNc2cccc(Nc3nccc(-c4cccnc4)n3)c2)cc1,nonAC
c1cc(cc(c1)NC(=O)c2ccc(cc2)C(=O)NO)Nc3ncc(s3)c4cccnc4,4.77,431.1052104040001,4.320000000000002,4,7,6,31,31,118.7176,116.24,0,O=C(Nc1cccc(Nc2ncc(-c3cccnc3)s2)c1)c1ccccc1,nonAC
Cc1ccn(c(=O)c1c2ccc3c(c2)cnc(n3)N)c4cccc(c4)C(F)(F)F,5.85,396.11979576,4.357120000000002,1,5,2,29,29,104.7224,73.8,0,O=c1c(-c2ccc3ncncc3c2)cccn1-c1ccccc1,nonAC
CN1c2ccccc2OC(=Cc3ccc(s3)C=CC(=O)NCCN(C)C)C1=O,6.09,397.1460125960001,2.835400000000001,1,5,6,28,28,113.37370000000008,61.88,0,O=C1Nc2ccccc2OC1=Cc1cccs1,nonAC
c1ccc2c(c1)NC(=O)C(=Cc3ccc(s3)C=CC(=O)Nc4ccc(cc4)N5CCOCC5)O2,6.54,473.140927216,4.608600000000004,2,6,5,34,34,135.13339999999994,79.9,0,O=C(C=Cc1ccc(C=C2Oc3ccccc3NC2=O)s1)Nc1ccc(N2CCOCC2)cc1,nonAC
CN1c2ccccc2OC(=Cc3ccc(s3)C=CC(=O)NCc4ccncc4)C1=O,5.75,417.1147124680001,3.8690000000000015,1,5,5,30,30,117.89370000000004,71.53,0,O=C(C=Cc1ccc(C=C2Oc3ccccc3NC2=O)s1)NCc1ccncc1,nonAC
CN1c2ccccc2OC(=Cc3ccc(s3)C=CC(=O)NCc4cccnc4)C1=O,5.72,417.1147124680001,3.8690000000000015,1,5,5,30,30,117.89370000000004,71.53,0,O=C(C=Cc1ccc(C=C2Oc3ccccc3NC2=O)s1)NCc1cccnc1,nonAC
CNC(=O)c1cc(ccn1)Oc2ccc(cc2)NC(=O)Nc3ccc(c(c3)C(F)(F)F)Cl,7.01,464.086302712,5.549700000000002,3,4,5,32,32,113.23860000000002,92.35,0,O=C(Nc1ccccc1)Nc1ccc(Oc2ccncc2)cc1,nonAC
Cc1ccc(cc1C(=O)Nc2cncnc2)NC(=O)c3cccc(c3)C(F)(F)F,6.62,400.11471038,4.308420000000002,2,4,4,29,29,100.5614,83.97999999999999,0,O=C(Nc1cccc(C(=O)Nc2cncnc2)c1)c1ccccc1,nonAC
Cc1cc(n[nH]1)Nc2cc(nc(n2)C=Cc3ccccc3)N4CCN(CC4)C,6.81,375.2171438,3.1739200000000016,2,6,5,28,28,113.71940000000004,72.97,0,C(=Cc1nc(Nc2cc[nH]n2)cc(N2CCNCC2)n1)c1ccccc1,nonAC
c1cc2c(cc1CN3CCOCC3)nc([nH]2)c4c(c[nH]n4)NC(=O)NC5CC5,8.4,381.191322976,2.069099999999999,4,5,5,28,28,104.94780000000004,110.96,0,O=C(Nc1c[nH]nc1-c1nc2cc(CN3CCOCC3)ccc2[nH]1)NC1CC1,nonAC
Cc1ccc(cc1CCn2cnc3c2ncnc3NC)NC(=O)c4cccc(c4)C(F)(F)F,4.02,454.172893952,4.690220000000003,2,6,6,33,33,119.14990000000004,84.72999999999999,0,O=C(Nc1cccc(CCn2cnc3cncnc32)c1)c1ccccc1,nonAC
Cc1ccc(cc1C=Cn2cnc3c2ncnc3NC)NC(=O)c4cccc(c4)C(F)(F)F,4.6,452.157243888,5.075420000000003,2,6,5,33,33,120.66990000000004,84.72999999999999,0,O=C(Nc1cccc(C=Cn2cnc3cncnc32)c1)c1ccccc1,nonAC
Cc1ccc(cc1C=Cn2cnc3c2ncnc3NC4CC4)NC(=O)c5cccc(c5)C(F)(F)F,4.13,478.172893952,5.608020000000002,2,6,6,35,35,127.76790000000004,84.72999999999999,0,O=C(Nc1cccc(C=Cn2cnc3c(NC4CC4)ncnc32)c1)c1ccccc1,nonAC
Cc1ccc(cc1C=Cn2cnc3c2ncnc3NC4CC4)C(=O)Nc5cccc(c5)C(F)(F)F,4.64,478.172893952,5.608020000000003,2,6,6,35,35,127.76790000000004,84.73,0,O=C(Nc1ccccc1)c1cccc(C=Cn2cnc3c(NC4CC4)ncnc32)c1,nonAC
Cc1ccc(cc1C=Cn2cnc3c2ncnc3NC4CC4)NC(=O)Nc5cccc(c5)C(F)(F)F,4.21,493.183792984,5.999720000000003,3,6,6,36,36,132.45609999999996,96.76,0,O=C(Nc1ccccc1)Nc1cccc(C=Cn2cnc3c(NC4CC4)ncnc32)c1,nonAC
Cc1ccc(cc1C=Cn2cnc3c2ncnc3NC4CC4)C(=O)Nc5cccc(c5)C(C)(C)C,4.23,466.24810958,5.886720000000005,2,6,6,35,35,141.46589999999986,84.73,0,O=C(Nc1ccccc1)c1cccc(C=Cn2cnc3c(NC4CC4)ncnc32)c1,nonAC
Cc1ccc(cc1C=Cn2cnc3c2ncnc3NC4CC4)C(=O)Nc5cccc(c5)C(C)C,4.22,452.232459516,5.712620000000005,2,6,7,34,34,136.8548999999999,84.73,0,O=C(Nc1ccccc1)c1cccc(C=Cn2cnc3c(NC4CC4)ncnc32)c1,nonAC
Cc1ccc(cc1C=Cn2cnc3c2ncnc3NC4CC4)C(=O)Nc5cc(on5)C(C)(C)C,4.64,457.222623104,4.874720000000004,2,8,6,34,34,131.52689999999998,110.76,0,O=C(Nc1ccon1)c1cccc(C=Cn2cnc3c(NC4CC4)ncnc32)c1,AC
Cc1ccc(cc1C=Cn2cnc3c2ncnc3NC4CC4)C(=O)Nc5cc(ccn5)C(F)(F)F,4.7,479.16814292,5.003020000000003,2,7,6,35,35,125.56290000000004,97.62,0,O=C(Nc1ccccn1)c1cccc(C=Cn2cnc3c(NC4CC4)ncnc32)c1,nonAC
Cc1ccc(cc1C=Cn2cnc3c2ncnc3)C(=O)Nc4cc(ccn4)C(F)(F)F,7.42,424.12594376,4.428720000000002,1,6,4,31,31,108.91820000000004,85.59,0,O=C(Nc1ccccn1)c1cccc(C=Cn2cnc3cncnc32)c1,nonAC
CC1(Cc2cnc(nc2-c3c1c(nn3C)C(=O)NC)Nc4ccc(cc4)N5CCN(CC5)C)C,6.32,460.26990764400006,2.5658000000000003,2,8,4,34,34,133.78889999999996,91.21,0,c1cc(N2CCNCC2)ccc1Nc1ncc2c(n1)-c1[nH]ncc1CC2,nonAC
CC1(CC(CC(N1[O])(C)C)NC(=O)c2cccc(c2)c3cc4nccc(n4n3)Nc5cccc(c5)O)C,8.3,499.2457638520001,4.942400000000005,3,7,5,37,37,140.9841999999999,114.69,0,O=C(NC1CCNCC1)c1cccc(-c2cc3nccc(Nc4ccccc4)n3n2)c1,nonAC
Cn1c2c(cc(c1=O)c3c(cccc3Cl)Cl)cnc(n2)Nc4ccc(cc4)NCC(CO)O,8.64,485.10214489200007,3.811000000000004,4,8,7,33,33,131.54200000000006,112.3,0,O=c1[nH]c2nc(Nc3ccccc3)ncc2cc1-c1ccccc1,nonAC
Cn1c2c(cc(c1=O)c3c(cccc3Cl)Cl)cnc(n2)Nc4ccc(cc4)NC(=O)CCN,8.33,482.1024792400001,4.333200000000002,3,7,6,33,33,132.26080000000005,114.93,0,O=c1[nH]c2nc(Nc3ccccc3)ncc2cc1-c1ccccc1,nonAC
Cn1c2c(cc(c1=O)c3c(cccc3Cl)Cl)cnc(n2)Nc4cccc(c4)CO,8.55,426.065031112,4.538200000000003,2,6,4,29,29,115.88250000000004,80.04,0,O=c1[nH]c2nc(Nc3ccccc3)ncc2cc1-c1ccccc1,nonAC
CCc1cccc(c1)Nc2ncc3cc(c(=O)n(c3n2)C)c4c(cccc4Cl)Cl,7.66,424.085766556,5.6083000000000025,1,5,4,29,29,119.3377,59.81,0,O=c1[nH]c2nc(Nc3ccccc3)ncc2cc1-c1ccccc1,nonAC
Cn1c2c(cc(c1=O)c3c(cccc3Cl)Cl)cnc(n2)Nc4cccc(c4)N,8.6,411.0653654600001,4.6281000000000025,2,6,3,28,28,114.37210000000005,85.83,0,O=c1[nH]c2nc(Nc3ccccc3)ncc2cc1-c1ccccc1,nonAC
CC(=O)Nc1cccc(c1)Nc2ncc3cc(c(=O)n(c3n2)C)c4c(cccc4Cl)Cl,8.3,453.075930144,5.004300000000002,2,6,4,31,31,124.2634,88.91000000000001,0,O=c1[nH]c2nc(Nc3ccccc3)ncc2cc1-c1ccccc1,nonAC
Cn1c2c(cc(c1=O)c3c(cccc3Cl)Cl)cnc(n2)Nc4ccc(cc4)O,8.28,412.049381048,4.751500000000003,2,6,3,28,28,111.62450000000004,80.04,0,O=c1[nH]c2nc(Nc3ccccc3)ncc2cc1-c1ccccc1,nonAC
Cn1c2c(cc(c1=O)c3c(cccc3Cl)Cl)cnc(n2)Nc4ccc(cc4)F,7.68,414.0450446160001,5.185000000000002,1,5,3,28,28,109.91770000000004,59.81,0,O=c1[nH]c2nc(Nc3ccccc3)ncc2cc1-c1ccccc1,nonAC
Cc1ccc(cc1)Nc2ncc3cc(c(=O)n(c3n2)C)c4c(cccc4Cl)Cl,7.52,410.070116492,5.354320000000002,1,5,3,28,28,114.6967,59.81,0,O=c1[nH]c2nc(Nc3ccccc3)ncc2cc1-c1ccccc1,nonAC
Cn1c2c(cc(c1=O)c3c(cccc3Cl)Cl)cnc(n2)Nc4ccc(cc4)CCO,8.09,440.080681176,4.580700000000004,2,6,5,30,30,120.74950000000004,80.04,0,O=c1[nH]c2nc(Nc3ccccc3)ncc2cc1-c1ccccc1,nonAC
Cn1c2c(cc(c1=O)c3c(cccc3Cl)Cl)cnc(n2)Nc4ccc(cc4)N,8.64,411.0653654600001,4.6281000000000025,2,6,3,28,28,114.37210000000005,85.83,0,O=c1[nH]c2nc(Nc3ccccc3)ncc2cc1-c1ccccc1,nonAC
CC(=O)Nc1ccc(cc1)Nc2ncc3cc(c(=O)n(c3n2)C)c4c(cccc4Cl)Cl,8.32,453.075930144,5.004300000000002,2,6,4,31,31,124.2634,88.91000000000001,0,O=c1[nH]c2nc(Nc3ccccc3)ncc2cc1-c1ccccc1,nonAC
Cn1c2c(cc(c1=O)c3c(cccc3Cl)Cl)cnc(n2)Nc4ccc(cc4)NC(=O)CCl,8.12,487.03695779200007,5.223200000000003,2,6,5,32,32,129.3094,88.91,0,O=c1[nH]c2nc(Nc3ccccc3)ncc2cc1-c1ccccc1,nonAC
Cn1c2c(cc(c1=O)c3c(cccc3Cl)Cl)cnc(n2)Nc4cccc(c4)O,8.59,412.049381048,4.751500000000003,2,6,3,28,28,111.62450000000004,80.04,0,O=c1[nH]c2nc(Nc3ccccc3)ncc2cc1-c1ccccc1,nonAC
CN1CCN(CC1)c2nc3ccccc3c(n2)C4=C(C(=O)NC4=O)c5c[nH]c6c5cccc6,5.48,438.180423944,2.4301000000000004,2,6,3,33,33,127.51040000000005,94.22,0,O=C1NC(=O)C(c2c[nH]c3ccccc23)=C1c1nc(N2CCNCC2)nc2ccccc12,nonAC
Cc1c2cc[nH]c2ccc1Nc3c(cncc3C#N)C=CCCN4CCCC(C4)N,5.47,400.237544896,4.313000000000002,3,5,6,30,30,122.57080000000003,93.76,0,C(=Cc1cnccc1Nc1ccc2[nH]ccc2c1)CCN1CCCCC1,nonAC
CCOC(=O)c1c(c([nH]c1C)C=C2c3ccccc3NC2=O)C,4.72,310.131742436,3.300940000000001,2,3,3,23,23,89.16590000000004,71.19,0,O=C1Nc2ccccc2C1=Cc1ccc[nH]1,nonAC
Cc1cc([nH]c1C=C2c3ccccc3NC2=O)C,4.96,238.110613068,3.1242400000000004,2,1,1,18,18,73.20940000000002,44.89,0,O=C1Nc2ccccc2C1=Cc1ccc[nH]1,nonAC
Cc1cc([nH]c1C=C2c3cc(ccc3NC2=O)c4cccnc4)C,4.77,315.137162164,4.1862400000000015,2,2,2,24,24,96.4404,57.78,0,O=C1Nc2ccc(-c3cccnc3)cc2C1=Cc1ccc[nH]1,nonAC
CC(c1c(ccc(c1Cl)F)Cl)Oc2ccc3c(c2)cc(cn3)C=CC(=O)N,5.0,404.0494613000001,5.319200000000004,1,3,5,27,27,105.43440000000004,65.21,0,c1ccc(COc2ccc3ncccc3c2)cc1,nonAC
COc1cc2c(cc1OCCCCCCC(=O)NO)c(ncn2)Nc3cccc(c3)C#C,5.54,434.1954053120001,4.198000000000002,3,7,11,32,32,122.25890000000004,105.6,0,c1ccc(Nc2ncnc3ccccc23)cc1,nonAC
CN1CC2CC1CN2c3ccc(cc3)c4ccnc5n4nc(c5c6cccc(c6)O)c7ccncc7,6.25,474.216809452,4.723600000000005,1,7,4,36,36,140.92379999999986,69.79,0,c1ccc(-c2c(-c3ccncc3)nn3c(-c4ccc(N5CC6CC5CN6)cc4)ccnc23)cc1,nonAC
c1cc(c2c(c1)ncc(n2)c3cnn(c3)C4CCNCC4)c5cc(c(c(c5)F)CN6CCOCC6)F,7.1,490.229265956,4.195200000000002,1,7,5,36,36,133.34769999999995,68.10000000000001,0,c1cc(-c2ccc(CN3CCOCC3)cc2)c2nc(-c3cnn(C4CCNCC4)c3)cnc2c1,nonAC
Cn1cc(c2c1nccc2c3ccc(cc3)C(=O)NCCO)C=C4C(=O)c5c(cccc5O4)O,8.01,455.1481207719999,3.2842000000000016,3,7,5,34,34,126.61130000000004,113.68,0,O=C1C(=Cc2c[nH]c3nccc(-c4ccccc4)c23)Oc2ccccc21,nonAC
CC(C)COC(=O)Nc1ccc(cc1)c2cnc3c(cnn3c2N)c4ccc(cc4)N5CCN(CC5)C,7.4,499.26957329600015,4.6018000000000026,2,8,6,37,37,147.79009999999982,101.01999999999998,0,c1ccc(-c2cnc3c(-c4ccc(N5CCNCC5)cc4)cnn3c2)cc1,nonAC
CCn1cnc2c1nc(nc2Nc3ccc(cc3)P(=O)(CP(=O)(O)O)O)C4CCC(CC4)N,7.17,494.1596412559999,2.605599999999999,5,8,7,33,33,126.27650000000004,176.48000000000002,0,c1ccc(Nc2nc(C3CCCCC3)nc3[nH]cnc23)cc1,nonAC
c1ccc(cc1)C(=O)CSc2c(c(c(c(n2)N)C#N)c3ccsc3)C#N,6.54,376.045253004,4.110660000000002,1,7,5,26,26,102.8889,103.56,0,O=C(CSc1cc(-c2ccsc2)ccn1)c1ccccc1,AC
c1cc(ccc1C(=O)CSc2c(c(c(c(n2)N)C#N)c3ccsc3)C#N)Cl,4.22,410.006280652,4.764060000000002,1,7,5,27,27,107.89889999999998,103.56,0,O=C(CSc1cc(-c2ccsc2)ccn1)c1ccccc1,AC
c1cc(sc1)c2c3c(nc(c2C#N)SCc4ccc(cc4)F)CCCC3,4.13,380.081718764,5.991980000000003,0,4,4,26,26,104.86800000000004,36.68,0,c1ccc(CSc2cc(-c3cccs3)c3c(n2)CCCC3)cc1,nonAC
c1ccc(cc1)CSc2c(c(c3c(n2)CCCC3)c4cccs4)C#N,4.14,362.091140576,5.852880000000004,0,4,4,25,25,104.91000000000004,36.68,0,c1ccc(CSc2cc(-c3cccs3)c3c(n2)CCCC3)cc1,nonAC
c1c(cn[nH]1)c2cnc3ncc(n3c2)c4c[nH]nc4,6.36,251.091943288,1.5094999999999998,2,5,2,19,19,68.15040000000002,87.55,0,c1n[nH]cc1-c1cnc2ncc(-c3cn[nH]c3)n2c1,nonAC
c1cc(ccc1CN)c2cn3c(cnc3cn2)c4c[nH]nc4,6.62,290.127994448,2.2451,2,5,3,22,22,83.89610000000002,84.89,0,c1ccc(-c2cn3c(-c4cn[nH]c4)cnc3cn2)cc1,nonAC
c1cc(ccc1CO)c2cn3c(cnc3cn2)c4c[nH]nc4,6.52,291.112010036,2.278699999999999,2,5,3,22,22,81.92750000000001,79.10000000000001,0,c1ccc(-c2cn3c(-c4cn[nH]c4)cnc3cn2)cc1,nonAC
c1cc(ccc1Nc2c3c([nH]cn3)nc(n2)N4CCOCC4)S(=O)(=O)N,5.22,375.111358404,0.5804999999999995,3,8,4,26,26,95.81360000000002,139.12,0,c1ccc(Nc2nc(N3CCOCC3)nc3[nH]cnc23)cc1,nonAC
Cc1ccc(cc1C#Cn2cnc3c2ncnc3NC4CC4)C(=O)Nc5cc(ccn5)C(F)(F)F,7.52,477.152492856,4.232420000000003,2,7,4,35,35,122.61490000000002,97.62,0,O=C(Nc1ccccn1)c1cccc(C#Cn2cnc3c(NC4CC4)ncnc32)c1,nonAC
Cc1ccc(cc1C=Cn2cnc3c2ncnc3NC4CC4)C(=O)Nc5cc(on5)C(F)(F)F,7.64,469.147407476,4.596020000000003,2,8,6,34,34,117.82890000000005,110.76,0,O=C(Nc1ccon1)c1cccc(C=Cn2cnc3c(NC4CC4)ncnc32)c1,AC
Cc1ccc(cc1C#Cn2cnc3c2cccc3NC4CC4)C(=O)Nc5cc(on5)C(F)(F)F,7.55,465.141259476,5.035420000000002,2,6,4,34,34,119.29090000000004,84.98,0,O=C(Nc1ccon1)c1cccc(C#Cn2cnc3c(NC4CC4)cccc32)c1,nonAC
Cc1ccc(cc1C#Cc2cnc3n2cccc3)C(=O)Nc4cc(cc(c4)n5ccnc5)C(F)(F)F,7.59,485.146344856,5.499320000000003,1,5,3,36,36,128.8702,64.22,0,O=C(Nc1cccc(-n2ccnc2)c1)c1cccc(C#Cc2cnc3ccccn23)c1,nonAC
Cc1ccc(cc1C#Cc2cnc3n2nccc3)C(=O)Nc4ccc(c(c4)Cl)CN5CCN(CC5)C,8.62,498.1934871640001,4.090620000000002,1,6,4,36,36,142.32519999999985,65.77000000000001,0,O=C(Nc1ccc(CN2CCNCC2)cc1)c1cccc(C#Cc2cnc3cccnn23)c1,nonAC
Cc1ccc(cc1C#Cc2cnc3n2nccc3)C(=O)Nc4cccc(c4)C(F)(F)F,7.72,420.11979576,4.708620000000002,1,4,2,31,31,109.5432,59.290000000000006,0,O=C(Nc1ccccc1)c1cccc(C#Cc2cnc3cccnn23)c1,nonAC
Cc1cc(ccc1Oc2c(cccn2)c3ccnc(n3)NC)NC(=O)c4cccc(c4)C(F)(F)F,6.3,479.15690954,5.952120000000003,2,6,6,35,35,125.45990000000003,89.03,0,O=C(Nc1ccc(Oc2ncccc2-c2ccncn2)cc1)c1ccccc1,nonAC
CC(C)n1c2c(c(n1)c3cc(cc(c3)Br)O)c(ncn2)N,7.59,347.0381721680001,3.124500000000001,2,6,2,21,21,84.92120000000001,89.85,0,c1ccc(-c2n[nH]c3ncncc23)cc1,AC
CC(C)n1c2c(c(n1)c3ccc(c(c3)OCOC)Br)c(ncn2)N,6.5,391.0643869160001,3.401600000000001,1,7,5,24,24,95.76040000000005,88.08,0,c1ccc(-c2n[nH]c3ncncc23)cc1,AC
Cn1c2c(c(n1)c3ccc(c(c3)O)Br)c(ncn2)N,6.96,319.0068720400001,2.0806,2,6,1,19,19,75.51720000000002,89.85,0,c1ccc(-c2n[nH]c3ncncc23)cc1,AC
c1cc(c(cc1c2c3c(ncnc3n(n2)C4CCC4)N)O)Br,7.64,359.038172168,3.268600000000001,2,6,2,22,22,87.42420000000001,89.85000000000001,0,c1ccc(-c2nn(C3CCC3)c3ncncc23)cc1,nonAC
c1cc(c(cc1c2c3c(ncnc3n(n2)C4CCCC4)N)O)Br,7.35,373.053822232,3.658700000000002,2,6,2,23,23,92.04120000000005,89.85000000000001,0,c1ccc(-c2nn(C3CCCC3)c3ncncc23)cc1,AC
CC(C)n1c2c(c(n1)c3ccc(c(c3)O)F)c(ncn2)N,7.85,287.11823828800004,2.501099999999999,2,6,2,21,21,77.17920000000001,89.85,0,c1ccc(-c2n[nH]c3ncncc23)cc1,AC
CC(CN)n1c2c(c(n1)c3ccc(c(c3)O)F)c(ncn2)N,6.7,302.1291373200001,1.4399,3,7,3,22,22,80.5596,115.87,0,c1ccc(-c2n[nH]c3ncncc23)cc1,AC
CC(CN)n1c2c(c(n1)c3ccc(c(c3)O)F)c(ncn2)N,6.14,302.1291373200001,1.4399,3,7,3,22,22,80.5596,115.87,0,c1ccc(-c2n[nH]c3ncncc23)cc1,AC
c1cc(c(cc1c2c3c(ncnc3n(n2)CCCC#N)N)O)F,6.02,312.113487256,2.22398,2,7,4,23,23,81.64120000000001,113.64,0,c1ccc(-c2n[nH]c3ncncc23)cc1,AC
c1cc(c(cc1c2c3c(ncnc3n(n2)CCCCC#N)N)O)F,6.36,326.12913732000004,2.61408,2,7,5,24,24,86.25820000000002,113.64,0,c1ccc(-c2n[nH]c3ncncc23)cc1,AC
c1cc(c(cc1c2c3c(ncnc3n(n2)C4CCC4)N)O)F,7.26,299.118238288,2.6452000000000004,2,6,2,22,22,79.68220000000001,89.85000000000001,0,c1ccc(-c2nn(C3CCC3)c3ncncc23)cc1,nonAC
c1cc(c(cc1c2c3c(ncnc3n(n2)C4CNC4)N)O)F,6.53,300.113487256,1.0644999999999998,3,7,2,22,22,78.7009,101.88,0,c1ccc(-c2nn(C3CNC3)c3ncncc23)cc1,nonAC
c1cc(c(cc1c2c3c(ncnc3n(n2)C4CCCC4)N)O)F,8.37,313.133888352,3.0353000000000008,2,6,2,23,23,84.29920000000003,89.85000000000001,0,c1ccc(-c2nn(C3CCCC3)c3ncncc23)cc1,AC
CC1CCC(C1)n2c3c(c(n2)c4ccc(c(c4)O)F)c(ncn3)N,8.19,327.14953841600004,3.2813000000000008,2,6,2,24,24,88.84620000000001,89.85,0,c1ccc(-c2nn(C3CCCC3)c3ncncc23)cc1,AC
c1cc(c(cc1c2c3c(ncnc3n(n2)C4CCNC4)N)O)F,7.14,314.12913732,1.4545999999999997,3,7,2,23,23,83.31790000000002,101.88,0,c1ccc(-c2nn(C3CCNC3)c3ncncc23)cc1,nonAC
c1cc(c(cc1c2c3c(ncnc3n(n2)C4CCNC4)N)O)F,6.32,314.12913732,1.4545999999999997,3,7,2,23,23,83.31790000000002,101.88,0,c1ccc(-c2nn(C3CCNC3)c3ncncc23)cc1,nonAC
c1cc(c(cc1c2c3c(ncnc3n(n2)C4CCOC4)N)O)F,7.68,315.113152908,1.8816,2,7,2,23,23,81.26720000000002,99.08,0,c1ccc(-c2nn(C3CCOC3)c3ncncc23)cc1,nonAC
c1cc(c(cc1c2c3c(ncnc3n(n2)C4CCOC4)N)O)F,7.68,315.113152908,1.8816,2,7,2,23,23,81.26720000000002,99.08,0,c1ccc(-c2nn(C3CCOC3)c3ncncc23)cc1,nonAC
c1cc(c(cc1c2c3c(ncnc3n(n2)C4CCCCCC4)N)O)F,7.17,341.16518848,3.8155000000000014,2,6,2,25,25,93.53320000000004,89.85000000000001,0,c1ccc(-c2nn(C3CCCCCC3)c3ncncc23)cc1,nonAC
c1cc(c(cc1c2c3c(ncnc3n(n2)CC4CCNCC4)N)O)F,5.23,342.160437448,1.9197999999999995,3,7,3,25,25,92.38790000000004,101.88,0,c1ccc(-c2nn(CC3CCNCC3)c3ncncc23)cc1,nonAC
Cc1c(nn(n1)c2ccccc2)Cn3c4c(c(n3)c5ccc(c(c5)O)F)c(ncn4)N,6.41,416.150935384,2.85762,2,9,4,31,31,111.9922,120.56,0,c1ccc(-c2nn(Cc3cnn(-c4ccccc4)n3)c3ncncc23)cc1,nonAC
c1ccc(cc1)c2c(ocn2)Cn3c4c(c(n3)c5ccc(c(c5)O)F)c(ncn4)N,6.25,402.1240519400001,3.6235000000000017,2,8,4,30,30,107.8352,115.88,0,c1ccc(-c2ncoc2Cn2nc(-c3ccccc3)c3cncnc32)cc1,nonAC
CC(C)n1c2c(c(n1)c3ccc(c(c3)OC)F)c(ncn2)N,6.25,301.13388835200004,2.8041,1,6,3,22,22,82.06640000000003,78.85,0,c1ccc(-c2n[nH]c3ncncc23)cc1,AC
CC(C)n1c2c(c(n1)c3ccc(c(c3)O)Cl)c(ncn2)N,8.26,303.08868774800004,3.0154000000000005,2,6,2,21,21,82.23120000000002,89.85,0,c1ccc(-c2n[nH]c3ncncc23)cc1,AC
CC(CN)n1c2c(c(n1)c3ccc(c(c3)O)Cl)c(ncn2)N,6.89,318.0995867800001,1.9542,3,7,3,22,22,85.61160000000001,115.87,0,c1ccc(-c2n[nH]c3ncncc23)cc1,AC
CC(CN)n1c2c(c(n1)c3ccc(c(c3)O)Cl)c(ncn2)N,6.16,318.0995867800001,1.9542,3,7,3,22,22,85.61160000000001,115.87,0,c1ccc(-c2n[nH]c3ncncc23)cc1,AC
c1cc(c(cc1c2c3c(ncnc3n(n2)C4CCC4)N)O)Cl,7.5,315.088687748,3.159500000000001,2,6,2,22,22,84.7342,89.85000000000001,0,c1ccc(-c2nn(C3CCC3)c3ncncc23)cc1,nonAC
CC(C)n1c2c(c(n1)c3ccc(c(c3)OC)NC(=O)OC(C)(C)C)c(ncn2)N,7.0,398.20663869200007,4.012000000000001,2,8,4,29,29,111.96510000000004,117.18,0,c1ccc(-c2n[nH]c3ncncc23)cc1,AC
CC(C)n1c2c(c(n1)c3ccc(c(c3)O)Br)c(ncn2)N,8.34,347.0381721680001,3.124500000000001,2,6,2,21,21,84.92120000000001,89.85,0,c1ccc(-c2n[nH]c3ncncc23)cc1,AC
c1c[nH]c2c1cc(cn2)c3c4c(ncnc4n(n3)C5CCCC5)N,8.06666666667,319.15454354400003,3.0668999999999995,2,6,2,24,24,92.32810000000003,98.3,0,c1ncc2c(-c3cnc4[nH]ccc4c3)nn(C3CCCC3)c2n1,nonAC
CC(C)n1c2c(c(n1)c3ccc4c(c3)cccn4)c(ncn2)N,7.02666666667,304.14364451200004,3.204600000000001,1,6,2,23,23,90.85740000000004,82.51,0,c1cnc2ccc(-c3n[nH]c4ncncc34)cc2c1,AC
COc1ccc(cc1OC)c2c3c(ncnc3n(n2)C4CCC4)N,6.57,325.15387484800004,2.8176999999999994,1,7,4,24,24,91.16340000000002,88.08,0,c1ccc(-c2nn(C3CCC3)c3ncncc23)cc1,nonAC
CC(C)n1c2c(c(n1)c3cc4cc(ccc4[nH]3)O)c(ncn2)N,5.915,308.13855913200007,2.8433,3,6,2,23,23,89.07790000000001,105.64,0,c1ccc2[nH]c(-c3n[nH]c4ncncc34)cc2c1,nonAC
c1cn2ccnc2cc1c3c4c(ncnc4n(n3)C5CCCC5)N,5.37,319.15454354400003,2.8382999999999994,1,7,2,24,24,91.42640000000004,86.92,0,c1ncc2c(-c3ccn4ccnc4c3)nn(C3CCCC3)c2n1,nonAC
Cc1ccccc1n2c(nc3cccc(c3c2=O)C)Cn4c5c(c(n4)c6cccc(c6)O)c(ncn5)N,4.77,489.1913229760001,4.145340000000003,2,9,4,37,37,142.7521999999999,124.74,0,O=c1c2ccccc2nc(Cn2nc(-c3ccccc3)c3cncnc32)n1-c1ccccc1,nonAC
CC(C)n1c2c(c(n1)c3cccc(c3)O)c(ncn2)N,7.16,269.1276601,2.362,2,6,2,20,20,77.22120000000001,89.85,0,c1ccc(-c2n[nH]c3ncncc23)cc1,AC
Cn1c2c(c(n1)c3ccc4ccccc4c3)c(ncn2)N,5.92,275.11709541600004,2.7657,1,5,1,21,21,83.65840000000001,69.62,0,c1ccc2cc(-c3n[nH]c4ncncc34)ccc2c1,AC
CC(C)n1c2c(c(n1)c3ccc(cc3)O)c(ncn2)N,5.77,269.1276601,2.362,2,6,2,20,20,77.22120000000001,89.85,0,c1ccc(-c2n[nH]c3ncncc23)cc1,AC
Cc1cc(ccc1c2c3c(ncnc3n(n2)C(C)C)N)O,7.16,283.143310164,2.6704200000000005,2,6,2,21,21,81.95820000000002,89.85000000000001,0,c1ccc(-c2n[nH]c3ncncc23)cc1,AC
Cc1ccc(cc1OCc2ccccc2)c3c4c(ncnc4[nH]n3)N,4.89,331.1433101640001,3.4895200000000006,2,5,4,25,25,97.04310000000002,89.71000000000001,0,c1ccc(COc2cccc(-c3n[nH]c4ncncc34)c2)cc1,nonAC
Cc1ccc(cc1O)c2c3c(ncnc3[nH]n2)N,6.25,241.096359972,1.61612,3,5,1,18,18,67.9339,100.71,0,c1ccc(-c2n[nH]c3ncncc23)cc1,AC
Cc1ccc(cc1O)c2c3c(ncnc3n(n2)C)N,6.63,255.112010036,1.62652,2,6,1,19,19,72.5542,89.85000000000001,0,c1ccc(-c2n[nH]c3ncncc23)cc1,AC
Cc1ccc(cc1O)c2c3c(ncnc3n(n2)C(C)C)N,7.51,283.143310164,2.67042,2,6,2,21,21,81.9582,89.85000000000001,0,c1ccc(-c2n[nH]c3ncncc23)cc1,AC
CCC(C)n1c2c(c(n1)c3ccc(c(c3)O)C)c(ncn2)N,6.8,297.15896022800007,3.0605200000000004,2,6,3,22,22,86.57520000000002,89.85,0,c1ccc(-c2n[nH]c3ncncc23)cc1,AC
CC(C)n1c2c(c(n1)c3cccc(c3F)O)c(ncn2)N,7.13,287.11823828800004,2.501099999999999,2,6,2,21,21,77.17920000000001,89.85,0,c1ccc(-c2n[nH]c3ncncc23)cc1,AC
c1cc(c(c(c1)O)F)c2c3c(ncnc3n(n2)C4CCCC4)N,7.2,313.13388835200004,3.0352999999999994,2,6,2,23,23,84.29920000000001,89.85000000000001,0,c1ccc(-c2nn(C3CCCC3)c3ncncc23)cc1,AC
CC(C)n1c2c(c(n1)c3cc(cc(c3)F)O)c(ncn2)N,7.28,287.11823828800004,2.501099999999999,2,6,2,21,21,77.17920000000001,89.85,0,c1ccc(-c2n[nH]c3ncncc23)cc1,AC
c1c(cc(cc1O)F)c2c3c(ncnc3n(n2)C4CCCC4)N,7.62,313.13388835200004,3.0353000000000003,2,6,2,23,23,84.29920000000001,89.85000000000001,0,c1ccc(-c2nn(C3CCCC3)c3ncncc23)cc1,AC
CC(C)n1c2c(c(n1)c3cc(cc(c3)Br)OC)c(ncn2)N,5.82,361.0538222320001,3.427500000000002,1,6,3,22,22,89.80840000000002,78.85,0,c1ccc(-c2n[nH]c3ncncc23)cc1,AC
CC(Cn1c2c(c(n1)c3ccc(c(c3)OC)OC)c(ncn2)N)CO,4.92,343.164439532,1.7210999999999994,2,8,6,25,25,94.52520000000004,108.31,0,c1ccc(-c2n[nH]c3ncncc23)cc1,AC
CC(Cn1c2c(c(n1)c3ccc(c(c3)OC)OC)c(ncn2)N)CO,5.19,343.164439532,1.7210999999999994,2,8,6,25,25,94.52520000000004,108.31,0,c1ccc(-c2n[nH]c3ncncc23)cc1,AC
COc1ccc(cc1OC)c2c3c(ncnc3n(n2)C4CCCC4)N,6.0,339.16952491200004,3.2078,1,7,4,25,25,95.78040000000004,88.08,0,c1ccc(-c2nn(C3CCCC3)c3ncncc23)cc1,AC
CCOc1ccc(cc1OC)c2c3c(ncnc3[nH]n2)N,5.21,285.12257472000005,2.0093999999999994,2,6,4,21,21,79.25310000000002,98.94,0,c1ccc(-c2n[nH]c3ncncc23)cc1,AC
CCOc1ccc(cc1OC)c2c3c(ncnc3n(n2)C(C)C)N,5.68,327.16952491200004,3.0637,1,7,5,24,24,93.27740000000004,88.08,0,c1ccc(-c2n[nH]c3ncncc23)cc1,AC
CCOc1ccc(cc1OC)c2c3c(ncnc3n(n2)CC=C)N,4.84,325.15387484800004,2.668799999999999,1,7,6,24,24,93.08940000000004,88.08,0,c1ccc(-c2n[nH]c3ncncc23)cc1,AC
CCOc1ccc(cc1OC)c2c3c(ncnc3n(n2)C4CCCC4)N,6.07,353.18517497600004,3.597900000000001,1,7,5,26,26,100.39740000000003,88.08,0,c1ccc(-c2nn(C3CCCC3)c3ncncc23)cc1,AC
CCOc1ccc(cc1OC)c2c3c(ncnc3n(n2)C4CCCCC4)N,5.22,367.20082504,3.988000000000001,1,7,5,27,27,105.01440000000004,88.08,0,c1ccc(-c2nn(C3CCCCC3)c3ncncc23)cc1,nonAC
CC(C)n1c2c(c(n1)c3cc(c(c(c3)OC)OC)OC)c(ncn2)N,6.08,343.16443953200013,2.6822,1,8,5,25,25,95.21240000000004,97.31,0,c1ccc(-c2n[nH]c3ncncc23)cc1,AC
CC(C)n1c2c(c(n1)c3cccc(c3OC)OC)c(ncn2)N,4.95,313.15387484800004,2.6735999999999995,1,7,4,23,23,88.66040000000004,88.08,0,c1ccc(-c2n[nH]c3ncncc23)cc1,AC
CCOc1cc(ccc1OC)c2c3c(ncnc3n(n2)C(C)C)N,5.22,327.16952491200004,3.0637,1,7,5,24,24,93.27740000000004,88.08,0,c1ccc(-c2n[nH]c3ncncc23)cc1,AC
CCOc1cc(ccc1OC)c2c3c(ncnc3n(n2)CCO)N,4.19,329.148789468,1.4750999999999992,2,8,6,24,24,89.97820000000003,108.31,0,c1ccc(-c2n[nH]c3ncncc23)cc1,AC
CC(C)n1c2c(c(n1)c3cnc(nc3OC)OC)c(ncn2)N,5.92,315.1443727840001,1.4635999999999996,1,9,4,23,23,84.25040000000004,113.86,0,c1ncc(-c2n[nH]c3ncncc23)cn1,nonAC
CC(C)n1c2c(c(n1)c3ccc(cc3)OC)c(ncn2)N,5.44,283.143310164,2.664999999999999,1,6,3,21,21,82.10840000000003,78.85,0,c1ccc(-c2n[nH]c3ncncc23)cc1,AC
CC(C)n1c2c(c(n1)c3ccc(c(c3)O)N)c(ncn2)N,6.68,284.138559132,1.9442,3,7,2,21,21,81.63360000000002,115.87,0,c1ccc(-c2n[nH]c3ncncc23)cc1,AC
CC(C)n1c2c(c(n1)c3ccc(c(c3)OC)N)c(ncn2)N,6.59,298.154209196,2.2471999999999994,2,7,3,22,22,86.52080000000002,104.87,0,c1ccc(-c2n[nH]c3ncncc23)cc1,AC
CC(C)n1c2c(c(n1)c3ccc(c(c3)OC)NC(C)CO)c(ncn2)N,5.06,356.19607400800004,2.4577,3,8,6,26,26,102.27890000000002,111.11,0,c1ccc(-c2n[nH]c3ncncc23)cc1,AC
c1cc(c(cc1c2c3c(ncnc3n(n2)C4CCCC4)N)O)N,6.95,310.154209196,2.4784,3,7,2,23,23,88.75360000000002,115.87,0,c1ccc(-c2nn(C3CCCC3)c3ncncc23)cc1,AC
COc1cc(ccc1N)c2c3c(ncnc3n(n2)C4CCCC4)N,7.59,324.16985926,2.7814000000000005,2,7,3,24,24,93.64080000000004,104.87,0,c1ccc(-c2nn(C3CCCC3)c3ncncc23)cc1,AC
CC(C)n1c2c(c(n1)c3cccc(c3)CO)c(ncn2)N,5.75,283.143310164,2.148699999999999,2,6,3,21,21,81.47920000000002,89.85,0,c1ccc(-c2n[nH]c3ncncc23)cc1,AC
CC(C)n1c2c(c(n1)c3cccc(c3)CC#N)c(ncn2)N,4.3,292.14364451200004,2.722479999999999,1,6,3,22,22,84.87340000000003,93.41,0,c1ccc(-c2n[nH]c3ncncc23)cc1,AC
CC(C)n1c2c(c(n1)c3ccc(cc3)CC#N)c(ncn2)N,5.1,292.14364451200004,2.72248,1,6,3,22,22,84.87340000000003,93.41,0,c1ccc(-c2n[nH]c3ncncc23)cc1,AC
CC(C)n1c2c(c(n1)c3cccc(c3)C#N)c(ncn2)N,4.77,278.127994448,2.528079999999999,1,6,2,21,21,80.27140000000003,93.41,0,c1ccc(-c2n[nH]c3ncncc23)cc1,AC
CC(C)n1c2c(c(n1)c3ccc(c(c3)C#N)F)c(ncn2)N,5.47,296.11857263600007,2.66718,1,6,2,22,22,80.22940000000001,93.41,0,c1ccc(-c2n[nH]c3ncncc23)cc1,AC
CC(C)n1c2c(c(n1)c3ccc(c(c3)F)C#N)c(ncn2)N,5.3,296.11857263600007,2.66718,1,6,2,22,22,80.22940000000001,93.41,0,c1ccc(-c2n[nH]c3ncncc23)cc1,AC
CC(C)n1c2c(c(n1)c3ccc(nc3)C#N)c(ncn2)N,4.3,279.12324341600004,1.92308,1,7,2,21,21,78.06640000000002,106.3,0,c1cncc(-c2n[nH]c3ncncc23)c1,nonAC
CC(C)n1c2c(c(n1)c3cccnc3)c(ncn2)N,4.5,254.127994448,2.0513999999999992,1,6,2,19,19,73.35140000000001,82.51,0,c1cncc(-c2n[nH]c3ncncc23)c1,nonAC
CC(C)n1c2c(c(n1)c3cncnc3)c(ncn2)N,4.3,255.123243416,1.4463999999999997,1,7,2,19,19,71.14640000000001,95.4,0,c1ncc(-c2n[nH]c3ncncc23)cn1,nonAC
CC(C)n1c2c(c(n1)c3ccc(cc3)C(=O)C)c(ncn2)N,5.7,295.14331016400007,2.859,1,6,3,22,22,85.56090000000003,86.69,0,c1ccc(-c2n[nH]c3ncncc23)cc1,AC
CC(C)n1c2c(c(n1)c3ccc(c(c3)F)C=O)c(ncn2)N,6.16,299.11823828800004,2.608,1,6,3,22,22,80.90190000000001,86.69,0,c1ccc(-c2n[nH]c3ncncc23)cc1,AC
CC(C)n1c2c(c(n1)c3cc(c(c(c3)F)C=O)F)c(ncn2)N,5.89,317.1088164760001,2.7471,1,6,3,23,23,80.85990000000001,86.69,0,c1ccc(-c2n[nH]c3ncncc23)cc1,AC
CC(C)n1c2c(c(n1)c3ccc(c(c3)Cl)C(=O)N)c(ncn2)N,4.3,330.0995867800001,2.408699999999999,2,6,3,23,23,89.08430000000001,112.71,0,c1ccc(-c2n[nH]c3ncncc23)cc1,AC
CC(C)n1c2c(c(n1)c3cccc(c3)C(=O)C)c(ncn2)N,4.8,295.14331016400007,2.859,1,6,3,22,22,85.56090000000003,86.69,0,c1ccc(-c2n[nH]c3ncncc23)cc1,AC
CC(C)n1c2c(c(n1)c3cc(co3)C=O)c(ncn2)N,5.35,271.10692465600005,2.0619,1,7,3,20,20,73.2099,99.83,0,c1coc(-c2n[nH]c3ncncc23)c1,nonAC
Cc1cc(sc1C=O)c2c3c(ncnc3n(n2)C(C)C)N,5.59,301.09973110000004,2.83882,1,7,3,21,21,83.55790000000003,86.69,0,c1csc(-c2n[nH]c3ncncc23)c1,nonAC
CC(C)n1c2c(c(n1)c3cccc(c3)NS(=O)(=O)C)c(ncn2)N,4.89,346.12119481600007,2.0279,2,7,4,24,24,94.02290000000002,115.79,0,c1ccc(-c2n[nH]c3ncncc23)cc1,AC
CC(C)n1c2c(c(n1)c3ccc(cc3)NS(=O)(=O)C)c(ncn2)N,4.96,346.12119481600007,2.0279,2,7,4,24,24,94.02290000000002,115.79,0,c1ccc(-c2n[nH]c3ncncc23)cc1,AC
CC(C)n1c2c(c(n1)c3cccc(c3)S(=O)(=O)N)c(ncn2)N,4.96,332.10554475200007,1.3037999999999998,2,7,3,23,23,86.92960000000002,129.78,0,c1ccc(-c2n[nH]c3ncncc23)cc1,AC
CC(C)n1c2c(c(n1)c3ccc(cc3)S(=O)(=O)N)c(ncn2)N,4.24,332.10554475200007,1.3037999999999998,2,7,3,23,23,86.92960000000002,129.78,0,c1ccc(-c2n[nH]c3ncncc23)cc1,AC
CC(C)n1c2c(c(n1)c3cccc(c3)C(=O)NC4=NCCS4)c(ncn2)N,5.5,381.13717922800015,2.488999999999999,2,8,3,27,27,107.78260000000002,111.08,0,O=C(NC1=NCCS1)c1cccc(-c2n[nH]c3ncncc23)c1,nonAC
c1cc(c(cc1c2c3c(ncnc3n(n2)C4CCCC4)N)O)Cl,8.92,329.104337812,3.549600000000001,2,6,2,23,23,89.35120000000002,89.85000000000001,0,c1ccc(-c2nn(C3CCCC3)c3ncncc23)cc1,AC
c1cc(c(cc1c2c3c(ncnc3n(n2)C4CCNC4)N)O)Cl,6.3,330.09958678,1.9688999999999992,3,7,2,23,23,88.36990000000002,101.88,0,c1ccc(-c2nn(C3CCNC3)c3ncncc23)cc1,nonAC
c1cc(c(cc1c2c3c(ncnc3n(n2)C4CCOC4)N)O)Cl,7.68,331.083602368,2.3959,2,7,2,23,23,86.31920000000001,99.08,0,c1ccc(-c2nn(C3CCOC3)c3ncncc23)cc1,nonAC
c1cc(c(cc1c2c3c(ncnc3n(n2)C4CCOC4)N)O)Cl,7.77,331.083602368,2.3959,2,7,2,23,23,86.31920000000001,99.08,0,c1ccc(-c2nn(C3CCOC3)c3ncncc23)cc1,nonAC
c1cc(c(cc1c2c3c(ncnc3n(n2)CC4CCCN4)N)O)Cl,5.98,344.11523684400004,2.186499999999999,3,7,3,24,24,92.8709,101.88,0,c1ccc(-c2nn(CC3CCCN3)c3ncncc23)cc1,nonAC
c1cc(c(cc1c2c3c(ncnc3n(n2)CC4CCNC4)N)O)Cl,7.09,344.115236844,2.044,3,7,3,24,24,92.8229,101.88,0,c1ccc(-c2nn(CC3CCNC3)c3ncncc23)cc1,nonAC
c1cc(c(cc1c2c3c(ncnc3n(n2)CC4CCCNC4)N)O)Cl,5.1,358.13088690800004,2.4340999999999995,3,7,3,25,25,97.4399,101.88,0,c1ccc(-c2nn(CC3CCCNC3)c3ncncc23)cc1,nonAC
c1cc(c(cc1c2c3c(ncnc3n(n2)CC4CCNCC4)N)O)Cl,5.35,358.130886908,2.4340999999999995,3,7,3,25,25,97.4399,101.88,0,c1ccc(-c2nn(CC3CCNCC3)c3ncncc23)cc1,nonAC
c1cc(c(cc1c2c3c(ncnc3n(n2)CCC4CCCNC4)N)O)Cl,5.89,372.146536972,2.8242,3,7,4,26,26,102.05690000000004,101.88,0,c1ccc(-c2nn(CCC3CCCNC3)c3ncncc23)cc1,nonAC
CC(C)n1c2c(c(n1)c3ccc(c(c3)O)C#N)c(ncn2)N,5.96,294.122909068,2.23368,2,7,2,22,22,81.93620000000001,113.64,0,c1ccc(-c2n[nH]c3ncncc23)cc1,AC
CC(C)n1c2c(c(n1)c3ccc(c(c3)F)O)c(ncn2)N,6.18,287.11823828800004,2.501099999999999,2,6,2,21,21,77.17920000000001,89.85,0,c1ccc(-c2n[nH]c3ncncc23)cc1,AC
CC(C)n1c2c(c(n1)c3cc(c(cc3F)OC)F)c(ncn2)N,5.6,319.12446654000007,2.943200000000001,1,6,3,23,23,82.02440000000003,78.85,0,c1ccc(-c2n[nH]c3ncncc23)cc1,AC
CC(C)n1c2c(c(n1)c3cc(c(cc3F)O)F)c(ncn2)N,5.72,305.1088164760001,2.6402,2,6,2,22,22,77.1372,89.85,0,c1ccc(-c2n[nH]c3ncncc23)cc1,AC
CC(C)n1c2c(c(n1)c3cccc(c3)OC)c(ncn2)N,5.77,283.143310164,2.665,1,6,3,21,21,82.10840000000003,78.85,0,c1ccc(-c2n[nH]c3ncncc23)cc1,AC
CC(C)n1c2c(c(n1)c3ccc(c(c3)OC)O)c(ncn2)N,5.82,299.13822478400004,2.3706,2,7,3,22,22,83.77320000000003,99.08,0,c1ccc(-c2n[nH]c3ncncc23)cc1,AC
COc1ccc(cc1O)c2c3c(ncnc3[nH]n2)N,6.11,257.091274592,1.3162999999999991,3,6,2,19,19,69.7489,109.94,0,c1ccc(-c2n[nH]c3ncncc23)cc1,AC
Cn1c2c(c(n1)c3ccc(c(c3)O)OC)c(ncn2)N,6.28,271.10692465600005,1.326699999999999,2,7,2,20,20,74.3692,99.08,0,c1ccc(-c2n[nH]c3ncncc23)cc1,AC
CCn1c2c(c(n1)c3ccc(c(c3)O)OC)c(ncn2)N,6.75,285.12257472000005,1.8096,2,7,3,21,21,79.06220000000002,99.08,0,c1ccc(-c2n[nH]c3ncncc23)cc1,AC
CC(C)n1c2c(c(n1)c3ccc(c(c3)O)OC)c(ncn2)N,7.05,299.13822478400004,2.3706,2,7,3,22,22,83.77320000000003,99.08,0,c1ccc(-c2n[nH]c3ncncc23)cc1,AC
COc1ccc(cc1O)c2c3c(ncnc3n(n2)C4CCCC4)N,7.25,325.15387484800004,2.904799999999999,2,7,3,24,24,90.89320000000004,99.08,0,c1ccc(-c2nn(C3CCCC3)c3ncncc23)cc1,AC
CC1CCC(C1)n2c3c(c(n2)c4ccc(c(c4)O)OC)c(ncn3)N,7.17,339.1695249120001,3.150800000000001,2,7,3,25,25,95.44020000000005,99.08,0,c1ccc(-c2nn(C3CCCC3)c3ncncc23)cc1,AC
COc1ccc(cc1O)c2c3c(ncnc3n(n2)C4CNC4)N,5.4,312.13347375200004,0.9339999999999992,3,8,3,23,23,85.29490000000001,111.11,0,c1ccc(-c2nn(C3CNC3)c3ncncc23)cc1,nonAC
COc1ccc(cc1O)c2c3c(ncnc3n(n2)C4CCNC4)N,5.69,326.14912381600004,1.3240999999999992,3,8,3,24,24,89.91190000000002,111.11,0,c1ccc(-c2nn(C3CCNC3)c3ncncc23)cc1,nonAC
CCOc1ccc(cc1O)c2c3c(ncnc3n(n2)C4CCCC4)N,6.22,339.16952491200004,3.2949,2,7,4,25,25,95.51020000000004,99.08,0,c1ccc(-c2nn(C3CCCC3)c3ncncc23)cc1,AC
CC(C)n1c2c(c(n1)c3ccc(c(c3)OC)OC)c(ncn2)N,5.39,313.15387484800004,2.6735999999999995,1,7,4,23,23,88.66040000000004,88.08,0,c1ccc(-c2n[nH]c3ncncc23)cc1,AC
CC(C)(C)n1c2c(c(n1)c3ccc(c(c3)OC)OC)c(ncn2)N,5.36,327.1695249120001,2.8477,1,7,3,24,24,93.27140000000004,88.08,0,c1ccc(-c2n[nH]c3ncncc23)cc1,AC
CCOc1ccc2cc(ccc2c1)c3c4c(ncnc4n(n3)C)N,4.82,319.14331016400007,3.1644000000000005,1,6,3,24,24,94.82740000000004,78.85000000000001,0,c1ccc2cc(-c3n[nH]c4ncncc34)ccc2c1,AC
CC(C)n1c2c(c(n1)c3ccc4cc(ccc4c3)O)c(ncn2)N,7.24,319.14331016400007,3.515200000000002,2,6,2,24,24,94.72720000000002,89.85,0,c1ccc2cc(-c3n[nH]c4ncncc34)ccc2c1,AC
CC(C)n1c2c(c(n1)c3cc4ccccc4nc3Cl)c(ncn2)N,5.7,338.10467216000006,3.8580000000000014,1,6,2,24,24,95.86740000000002,82.51,0,c1ccc2ncc(-c3n[nH]c4ncncc34)cc2c1,nonAC
CC(C)n1c2c(c(n1)c3cc4ccccc4nc3)c(ncn2)N,6.0,304.14364451200004,3.204600000000001,1,6,2,23,23,90.85740000000004,82.51,0,c1ccc2ncc(-c3n[nH]c4ncncc34)cc2c1,nonAC
c1ccc2c(c1)cc(cn2)c3c4c(ncnc4n(n3)C5CCCC5)N,6.12,330.159294576,3.738800000000001,1,6,2,25,25,97.97740000000005,82.51,0,c1ccc2ncc(-c3nn(C4CCCC4)c4ncncc34)cc2c1,nonAC
Cn1c2c(c(n1)c3ccc4c(c3)cccn4)c(ncn2)N,4.0,276.112344384,2.160699999999999,1,6,1,21,21,81.45340000000002,82.51,0,c1cnc2ccc(-c3n[nH]c4ncncc34)cc2c1,AC
c1cc2cc(ccc2nc1)c3c4c(ncnc4n(n3)C5CCCC5)N,5.82,330.159294576,3.738800000000001,1,6,2,25,25,97.97740000000005,82.51,0,c1cnc2ccc(-c3nn(C4CCCC4)c4ncncc34)cc2c1,nonAC
Cc1ccc2cc(ccc2n1)c3c4c(ncnc4n(n3)C(C)C)N,5.29,318.159294576,3.513020000000001,1,6,2,24,24,95.59440000000002,82.51,0,c1cnc2ccc(-c3n[nH]c4ncncc34)cc2c1,AC
CC(C)n1c2c(c(n1)c3ccc4c(c3)ccc(n4)Cl)c(ncn2)N,5.42,338.10467216000006,3.8580000000000014,1,6,2,24,24,95.86740000000002,82.51,0,c1cnc2ccc(-c3n[nH]c4ncncc34)cc2c1,AC
CC(C)n1c2c(c(n1)c3ccc4c(c3)nccn4)c(ncn2)N,5.66,305.13889348000004,2.5996,1,7,2,23,23,88.65240000000001,95.4,0,c1cnc2cc(-c3n[nH]c4ncncc34)ccc2n1,nonAC
CC(C)n1c2c(c(n1)c3cc4c(nccn4)nc3)c(ncn2)N,5.7,306.13414244800003,1.994599999999999,1,8,2,23,23,86.44740000000002,108.29,0,c1cnc2ncc(-c3n[nH]c4ncncc34)cc2n1,nonAC
CC(C)n1c2c(c(n1)c3ccc4c(c3)c(=O)[nH]cn4)c(ncn2)N,6.48,321.13380810000007,1.8929,2,7,2,24,24,91.4781,115.37,0,O=c1[nH]cnc2ccc(-c3n[nH]c4ncncc34)cc12,nonAC
CC(C)n1c2c(c(n1)c3ccc4c(c3)ccc(=O)[nH]4)c(ncn2)N,4.46,320.13855913200007,2.4979,2,6,2,24,24,93.6831,102.48,0,O=c1ccc2cc(-c3n[nH]c4ncncc34)ccc2[nH]1,nonAC
c1cc(=O)[nH]c2c1cc(cc2)c3c4c(ncnc4n(n3)C5CCCC5)N,4.0,346.154209196,3.0321,2,6,2,26,26,100.80310000000004,102.48,0,O=c1ccc2cc(-c3nn(C4CCCC4)c4ncncc34)ccc2[nH]1,nonAC
CC(C)n1c2c(c(n1)c3ccc4c(c3)ccc(n4)N)c(ncn2)N,5.7,319.1545435440001,2.7867999999999995,2,7,2,24,24,95.26980000000002,108.53,0,c1cnc2ccc(-c3n[nH]c4ncncc34)cc2c1,AC
CC(C)n1c2c(c(n1)c3ccc4c(c3)ccc(n4)NN)c(ncn2)N,5.52,334.16544257600003,2.4902,3,8,3,25,25,98.66750000000002,120.56,0,c1cnc2ccc(-c3n[nH]c4ncncc34)cc2c1,AC
CC(C)n1c2c(c(n1)c3ccc4c(c3)c(ccn4)NC(=O)OC(C)(C)C)c(ncn2)N,4.19,419.20697304,4.551600000000002,2,8,3,31,31,120.71410000000002,120.84,0,c1cnc2ccc(-c3n[nH]c4ncncc34)cc2c1,AC
CC(C)n1c2c(c(n1)c3ccc4c(c3)c(ccn4)N)c(ncn2)N,5.19,319.1545435440001,2.7867999999999995,2,7,2,24,24,95.26980000000002,108.53,0,c1cnc2ccc(-c3n[nH]c4ncncc34)cc2c1,AC
Cn1c2c(c(n1)c3ccc4c(c3)c(=O)cco4)c(ncn2)N,4.0,293.09127459200005,1.7188999999999992,1,7,1,22,22,82.1944,99.83,0,O=c1ccoc2ccc(-c3n[nH]c4ncncc34)cc12,nonAC
CC(C)n1c2c(c(n1)c3ccc4c(c3)c(=O)cco4)c(ncn2)N,5.66,321.1225747200001,2.7627999999999995,1,7,2,24,24,91.5984,99.83,0,O=c1ccoc2ccc(-c3n[nH]c4ncncc34)cc12,nonAC
c1cc2c(cc1c3c4c(ncnc4n(n3)C5CCCC5)N)c(=O)cco2,5.7,347.138224784,3.2970000000000006,1,7,2,26,26,98.71840000000005,99.83,0,O=c1ccoc2ccc(-c3nn(C4CCCC4)c4ncncc34)cc12,nonAC
CC(C)n1c2c(c(n1)c3ccc4cnccc4c3)c(ncn2)N,4.92,304.14364451200004,3.204600000000001,1,6,2,23,23,90.8574,82.51,0,c1cc2cc(-c3n[nH]c4ncncc34)ccc2cn1,nonAC
CC(C)n1c2c(c(n1)c3ccc4ccncc4c3)c(ncn2)N,5.68,304.14364451200004,3.204600000000001,1,6,2,23,23,90.8574,82.51,0,c1cc2ccc(-c3n[nH]c4ncncc34)cc2cn1,nonAC
Cc1ccc2ccc(cc2n1)c3c4c(ncnc4n(n3)C(C)C)N,5.37,318.159294576,3.513020000000001,1,6,2,24,24,95.59440000000002,82.51,0,c1cnc2cc(-c3n[nH]c4ncncc34)ccc2c1,nonAC
Cn1c2c(c(n1)c3cc4cc[nH]c4nc3)c(ncn2)N,6.51,265.107593352,1.4887999999999997,2,6,1,20,20,75.80410000000002,98.3,0,c1ncc2c(-c3cnc4[nH]ccc4c3)n[nH]c2n1,nonAC
CC(C)n1c2c(c(n1)c3cc4cc[nH]c4nc3)c(ncn2)N,7.66,293.13889348000004,2.5327,2,6,2,22,22,85.20810000000002,98.3,0,c1ncc2c(-c3cnc4[nH]ccc4c3)n[nH]c2n1,nonAC
CC(C)n1c2c(c(n1)c3ccc4c(c3)cc[nH]4)c(ncn2)N,6.53,292.14364451200004,3.1377000000000006,2,5,2,22,22,87.41310000000001,85.41,0,c1ncc2c(-c3ccc4[nH]ccc4c3)n[nH]c2n1,nonAC
c1cc2c(cc[nH]2)cc1c3c4c(ncnc4n(n3)C5CCCC5)N,6.63,318.159294576,3.671900000000001,2,5,2,24,24,94.53310000000003,85.41,0,c1ncc2c(-c3ccc4[nH]ccc4c3)nn(C3CCCC3)c2n1,nonAC
CC(C)n1c2c(c(n1)c3ccc4c(c3)ccn4C)c(ncn2)N,6.16,306.15929457600004,3.1481000000000003,1,6,2,23,23,92.03340000000004,74.55,0,c1ncc2c(-c3ccc4[nH]ccc4c3)n[nH]c2n1,nonAC
Cn1ccc2c1ccc(c2)c3c4c(ncnc4n(n3)C5CCCC5)N,6.09,332.17494464,3.6823000000000015,1,6,2,25,25,99.15340000000003,74.55,0,c1ncc2c(-c3ccc4[nH]ccc4c3)nn(C3CCCC3)c2n1,nonAC
CC(C)n1c2c(c(n1)c3ccc4c(c3)cn[nH]4)c(ncn2)N,6.3,293.13889348000004,2.5327,2,6,2,22,22,85.20810000000002,98.3,0,c1ncc2c(-c3ccc4[nH]ncc4c3)n[nH]c2n1,nonAC
c1cc2c(cc1c3c4c(ncnc4n(n3)C5CCCC5)N)cn[nH]2,6.33,319.1545435440001,3.0668999999999995,2,6,2,24,24,92.32810000000002,98.3,0,c1ncc2c(-c3ccc4[nH]ncc4c3)nn(C3CCCC3)c2n1,nonAC
CC(C)n1c2c(c(n1)c3ccc4c(c3)[nH]nc4N)c(ncn2)N,6.49,308.14979251200003,2.1149,3,7,2,23,23,89.6205,124.32,0,c1ncc2c(-c3ccc4cn[nH]c4c3)n[nH]c2n1,nonAC
CC(C)n1c2c(c(n1)c3ccc4cn[nH]c4c3)c(ncn2)N,6.96,293.13889348000004,2.5327,2,6,2,22,22,85.2081,98.3,0,c1ncc2c(-c3ccc4cn[nH]c4c3)n[nH]c2n1,nonAC
c1cc2cn[nH]c2cc1c3c4c(ncnc4n(n3)C5CCCC5)N,6.85,319.15454354400003,3.0668999999999995,2,6,2,24,24,92.32810000000003,98.3,0,c1ncc2c(-c3ccc4cn[nH]c4c3)nn(C3CCCC3)c2n1,nonAC
CC(C)n1c2c(c(n1)c3cc4c(cn[nH]4)c(c3)F)c(ncn2)N,7.06,311.12947166800006,2.6718,2,6,2,23,23,85.16610000000001,98.3,0,c1ncc2c(-c3ccc4cn[nH]c4c3)n[nH]c2n1,nonAC
Cn1c2c(c(n1)c3ccc4cc[nH]c4c3)c(ncn2)N,5.82,264.112344384,2.093799999999999,2,5,1,20,20,78.00910000000002,85.41,0,c1ncc2c(-c3ccc4cc[nH]c4c3)n[nH]c2n1,nonAC
CC(C)n1c2c(c(n1)c3ccc4cc[nH]c4c3)c(ncn2)N,6.7,292.14364451200004,3.1377000000000006,2,5,2,22,22,87.41310000000001,85.41,0,c1ncc2c(-c3ccc4cc[nH]c4c3)n[nH]c2n1,nonAC
c1cc(cc2c1cc[nH]2)c3c4c(ncnc4n(n3)C5CCCC5)N,6.78,318.159294576,3.671900000000001,2,5,2,24,24,94.53310000000003,85.41,0,c1ncc2c(-c3ccc4cc[nH]c4c3)nn(C3CCCC3)c2n1,nonAC
CC(C)n1c2c(c(n1)c3ccn4ccnc4c3)c(ncn2)N,4.85,293.13889348000004,2.304099999999999,1,7,2,22,22,84.30640000000002,86.92,0,c1ncc2c(-c3ccn4ccnc4c3)n[nH]c2n1,nonAC
CC(C)n1c2c(c(n1)c3ccc4c(c3)[nH]cc4C=O)c(ncn2)N,4.92,320.13855913200007,2.9502000000000006,2,6,3,24,24,92.8006,102.48,0,c1ncc2c(-c3ccc4cc[nH]c4c3)n[nH]c2n1,nonAC
CC(C)n1c2c(c(n1)c3cccc4c3cc[nH]4)c(ncn2)N,5.59,292.14364451200004,3.1377000000000006,2,5,2,22,22,87.41310000000003,85.41,0,c1cc(-c2n[nH]c3ncncc23)c2cc[nH]c2c1,nonAC
c1cc(c2cc[nH]c2c1)c3c4c(ncnc4n(n3)C5CCCC5)N,5.66,318.159294576,3.671900000000001,2,5,2,24,24,94.53310000000003,85.41,0,c1cc(-c2nn(C3CCCC3)c3ncncc23)c2cc[nH]c2c1,nonAC
CC(C)n1c2c(c(n1)c3ccc4c(c3)ccn4C(=O)OC(C)(C)C)c(ncn2)N,6.28,392.196074008,4.394300000000003,1,8,2,29,29,112.68440000000004,100.85,0,c1ncc2c(-c3ccc4[nH]ccc4c3)n[nH]c2n1,nonAC
CC(C)(C)OC(=O)n1ccc2c1ccc(c2)c3c4c(ncnc4n(n3)C5CCCC5)N,6.04,418.2117240720001,4.928500000000003,1,8,2,31,31,119.80440000000006,100.85,0,c1ncc2c(-c3ccc4[nH]ccc4c3)nn(C3CCCC3)c2n1,nonAC
CC(C)n1c2c(c(n1)c3ccc4c(c3)cco4)c(ncn2)N,6.27,293.12766010000007,3.4026000000000014,1,6,2,22,22,85.32840000000002,82.76,0,c1ncc2c(-c3ccc4occc4c3)n[nH]c2n1,nonAC
c1cc2c(cco2)cc1c3c4c(ncnc4n(n3)C5CCCC5)N,6.05,319.14331016400007,3.9368000000000016,1,6,2,24,24,92.44840000000002,82.76,0,c1ncc2c(-c3ccc4occc4c3)nn(C3CCCC3)c2n1,nonAC
CC(C)n1c2c(c(n1)c3ccc4c(c3)non4)c(ncn2)N,4.89,295.11815803600007,2.1926,1,8,2,22,22,80.91840000000002,108.54,0,c1ncc2c(-c3ccc4nonc4c3)n[nH]c2n1,nonAC
CC(C)n1c2c(c(n1)c3ccc4c(c3)[nH]c(=O)[nH]4)c(ncn2)N,5.08,309.13380810000007,1.826,3,6,2,23,23,88.0338,118.27,0,O=c1[nH]c2ccc(-c3n[nH]c4ncncc34)cc2[nH]1,nonAC
CC(C)n1c2c(c(n1)c3ccc4c(c3)CCO4)c(ncn2)N,5.28,295.14331016400007,2.5912999999999995,1,6,2,22,22,84.75540000000004,78.85,0,c1ncc2c(-c3ccc4c(c3)CCO4)n[nH]c2n1,nonAC
CC(C)n1c2c(c(n1)c3ccc4c(c3)OCCO4)c(ncn2)N,5.89,311.13822478400004,2.4275999999999995,1,7,2,23,23,86.54640000000003,88.08,0,c1ncc2c(-c3ccc4c(c3)OCCO4)n[nH]c2n1,nonAC
CC(C)n1c2c(c(n1)c3cc4cc(ccc4s3)C=O)c(ncn2)N,4.3,337.0997311000001,3.683600000000001,1,7,3,24,24,96.32690000000004,86.69,0,c1ccc2sc(-c3n[nH]c4ncncc34)cc2c1,nonAC
COc1cc2c(cc1OCCCN3CCOCC3)c(ncn2)Nc4ccc(c(c4)Cl)F,5.92,446.1520965280001,4.275600000000003,1,7,8,31,31,118.15370000000004,68.74000000000001,0,c1ccc(Nc2ncnc3ccc(OCCCN4CCOCC4)cc23)cc1,nonAC
CCN(CC)CCNC(=O)c1c(c([nH]c1C)C=C2c3cc(ccc3NC2=O)F)C,6.09,398.211804324,3.3349400000000022,3,3,7,29,29,113.28860000000005,77.23,0,O=C1Nc2ccccc2C1=Cc1ccc[nH]1,nonAC
CC(C)(C)n1c2c(c(n1)c3cccc4c3cccc4)c(ncn2)N,6.22,317.1640456080001,3.9837000000000025,1,5,1,24,24,97.67340000000004,69.62,0,c1ccc2c(-c3n[nH]c4ncncc34)cccc2c1,nonAC
CC(C)(C)n1c2c(c(n1)Cc3cccc4c3cccc4)c(ncn2)N,5.47,331.1796956720001,3.9075000000000015,1,5,2,25,25,101.48540000000004,69.62,0,c1ccc2c(Cc3n[nH]c4ncncc34)cccc2c1,nonAC
COc1ccc2cc([nH]c2c1)c3c4c(cccn4)[nH]n3,5.12,264.101111004,3.1148000000000016,2,3,2,20,20,77.73340000000003,66.59,0,c1ccc2[nH]c(-c3n[nH]c4cccnc34)cc2c1,nonAC
CC(=O)NCC1CCC(CC1)c2nc(c3n2ccnc3N)c4cc5ccccc5[nH]4,5.71,402.216809452,3.8697000000000017,3,5,4,30,30,118.07480000000002,101.1,0,c1ccc2[nH]c(-c3nc(C4CCCCC4)n4ccncc34)cc2c1,nonAC
Cc1ccc(cc1Nc2nccc(n2)c3cccnc3)NC(=O)c4ccc(cc4)CCl,5.16,429.13563794,5.581720000000003,2,5,6,31,31,123.67690000000002,79.80000000000001,0,O=C(Nc1cccc(Nc2nccc(-c3cccnc3)n2)c1)c1ccccc1,AC
CC1(c2cc(ccc2C(=O)c3c1[nH]c4c3ccc(c4)C#N)C5CCN(CC5)C6COC6)C,6.43,425.210327104,4.4880800000000045,1,4,2,32,32,123.17120000000004,69.12,0,O=C1c2ccc(C3CCN(C4COC4)CC3)cc2Cc2[nH]c3ccccc3c21,nonAC
Cc1ccc(cc1C#Cc2cncn2C)C(=O)Nc3ccc(c(c3)C(F)(F)F)CN4CCN(CC4)C,6.89,495.224595176,4.146820000000003,1,5,4,36,36,132.5382,53.400000000000006,0,O=C(Nc1ccc(CN2CCNCC2)cc1)c1cccc(C#Cc2cnc[nH]2)c1,nonAC
Cc1ccc(cc1C#Cc2cnc[nH]2)C(=O)Nc3ccc(c(c3)C(F)(F)F)CN4CCN(CC4)C,6.0,481.208945112,4.136420000000003,2,4,4,35,35,127.91790000000005,64.26,0,O=C(Nc1ccc(CN2CCNCC2)cc1)c1cccc(C#Cc2cnc[nH]2)c1,nonAC
Cc1ccc(cc1C#Cc2cncnc2)C(=O)Nc3ccc(c(c3)C(F)(F)F)CN4CCN(CC4)C,7.2,493.208945112,4.203320000000002,1,5,4,36,36,131.3622,61.36000000000001,0,O=C(Nc1ccc(CN2CCNCC2)cc1)c1cccc(C#Cc2cncnc2)c1,nonAC
Cc1ccc(cc1C#Cc2cccnc2)C(=O)Nc3ccc(c(c3)C(F)(F)F)CN4CCN(CC4)C,7.4,492.213696144,4.808320000000004,1,4,4,36,36,133.56719999999996,48.470000000000006,0,O=C(Nc1ccc(CN2CCNCC2)cc1)c1cccc(C#Cc2cccnc2)c1,nonAC
Cn1cc(cn1)c2cc3c(ccc4ccc(cc4c3=O)NS(=O)(=O)N(C)CC5COCCO5)nc2,5.11,495.1576399,2.1526,1,8,6,35,35,133.45249999999996,115.65,0,O=c1c2cc(NS(=O)(=O)NCC3COCCO3)ccc2ccc2ncc(-c3cn[nH]c3)cc12,nonAC
Cn1c2cc([nH]c(=O)c2c(n1)N)c3ccc(cc3)N4CCN(CC4)C,5.11,338.185509324,1.2625999999999995,2,6,2,25,25,100.89310000000005,83.17999999999999,0,O=c1[nH]c(-c2ccc(N3CCNCC3)cc2)cc2[nH]ncc12,nonAC
c1ccc(cc1)c2cc3c(c(n(n3)c4ccccc4)N)c(=O)[nH]2,5.82,302.116761068,2.963000000000001,2,4,2,23,23,91.53910000000003,76.7,0,O=c1[nH]c(-c2ccccc2)cc2nn(-c3ccccc3)cc12,nonAC
Cc1ccccc1Nc2c3cncn3c4cc(c(cc4n2)F)N(C)C(=O)C=CCN(C)C,6.96,432.20738764,4.154220000000003,1,6,6,32,32,126.01670000000009,65.77,0,c1ccc(Nc2nc3ccccc3n3cncc23)cc1,nonAC
Cc1ccc(cc1Nc2nccc(n2)c3cccnc3)NC(=O)c4cccc(c4)SC,5.96,427.146681292,5.564820000000004,2,6,6,31,31,125.90090000000002,79.80000000000001,0,O=C(Nc1cccc(Nc2nccc(-c3cccnc3)n2)c1)c1ccccc1,AC
c1cc(cc(c1)F)NC(=O)Nc2ccc(cc2)c3csc4c3c(ncc4c5cnn(c5)CCO)N,7.92,488.1430731320001,5.184400000000004,4,7,6,35,35,136.81659999999997,118.09,0,O=C(Nc1ccccc1)Nc1ccc(-c2csc3c(-c4cn[nH]c4)cncc23)cc1,nonAC
CC(C=CC(F)(F)F)Oc1cc(ccc1C(=O)N)c2cc(cnc2N)c3cc(cs3)CN(C)C,5.96,490.16503170000016,5.105600000000003,2,6,8,34,34,128.59230000000002,94.47,0,c1ccc(-c2cncc(-c3cccs3)c2)cc1,nonAC
COC(=O)Nc1[nH]c2cc(ccc2n1)C(=O)c3ccccc3,5.3,295.095691276,2.972200000000001,2,4,3,22,22,81.99590000000002,84.07999999999998,0,O=C(c1ccccc1)c1ccc2nc[nH]c2c1,nonAC
c1ccc(cc1)C(=O)c2ccc3c(c2)[nH]c(n3)N,5.0,237.090211972,2.3761,2,3,2,18,18,70.38060000000002,71.77,0,O=C(c1ccccc1)c1ccc2nc[nH]c2c1,nonAC
c1ccc(cc1)C(=O)c2ccc3c(c2)nc([nH]3)NC(=O)NCCO,7.03,324.122240372,1.9077,4,4,5,24,24,90.07540000000004,107.11,0,O=C(c1ccccc1)c1ccc2[nH]cnc2c1,nonAC
c1ccc(cc1)C(=O)c2ccc3c(c2)[nH]c(n3)NC(=O)NCCC4CCNCC4,7.0,391.20082504,3.3051000000000013,4,4,6,29,29,113.20030000000004,98.91,0,O=C(NCCC1CCNCC1)Nc1nc2ccc(C(=O)c3ccccc3)cc2[nH]1,nonAC
c1ccc(cc1)C(=O)c2ccc3c(c2)[nH]c(n3)NC(=O)NCCC4CCCNC4,8.0,391.20082504,3.3051000000000013,4,4,6,29,29,113.20030000000004,98.91,0,O=C(NCCC1CCCNC1)Nc1nc2ccc(C(=O)c3ccccc3)cc2[nH]1,nonAC
c1ccc(cc1)C(=O)c2ccc3c(c2)[nH]c(n3)NC(=O)CCN,6.26,308.127325752,2.0811999999999995,3,4,5,23,23,88.26930000000003,100.87,0,O=C(c1ccccc1)c1ccc2nc[nH]c2c1,nonAC
CC(c1c(ccc(c1Cl)F)Cl)NC(=O)c2cc(cnc2N)c3cnn(c3)C4CCOCC4,5.3,477.11345852400007,4.815700000000004,2,6,5,32,32,121.2616,95.06000000000002,0,O=C(NCc1ccccc1)c1cncc(-c2cnn(C3CCOCC3)c2)c1,nonAC
CC(C)n1c2c(c(n1)c3ccc4cc(ccc4c3)OC)c(ncn2)N,6.09,333.15896022800007,3.818200000000002,1,6,3,25,25,99.61440000000005,78.85,0,c1ccc2cc(-c3n[nH]c4ncncc34)ccc2c1,AC
CCOc1ccc2cc(ccc2c1)c3c4c(ncnc4n(n3)C(C)C)N,5.77,347.17461029200007,4.208300000000002,1,6,4,26,26,104.23140000000004,78.85000000000001,0,c1ccc2cc(-c3n[nH]c4ncncc34)ccc2c1,AC
CCOc1ccc2cc(ccc2c1)c3c4c(ncnc4n(n3)CC5CCN(CC5)C)N,5.34,416.23245951600006,3.9692000000000016,1,7,5,31,31,124.06740000000006,82.09,0,c1ccc2cc(-c3nn(CC4CCNCC4)c4ncncc34)ccc2c1,nonAC
CC(C)Oc1cc(n[nH]1)n2cnc3c2nc(cc3)NC(C)c4ccc(cn4)F,8.92,381.17133648,3.6380000000000017,2,7,6,28,28,103.00740000000005,93.54,0,c1ccc(CNc2ccc3ncn(-c4cc[nH]n4)c3n2)nc1,nonAC
Cc1ccc(cc1n2c3c(c4c(c2=O)CCCC4)c(ncn3)N)O,6.06,322.142975816,2.25572,2,6,1,24,24,92.5912,94.03,0,O=c1c2c(c3cncnc3n1-c1ccccc1)CCCC2,nonAC
Cc1ccc(cc1Nc2nccc(n2)c3cccnc3)C(=O)Nc4cc(cc(c4)n5cc(nc5)C)C,6.87,475.21205842000006,5.645460000000004,2,7,6,36,36,140.71589999999986,97.62000000000002,0,O=C(Nc1cccc(-n2ccnc2)c1)c1cccc(Nc2nccc(-c3cccnc3)n2)c1,nonAC
Cc1ccc(cc1Nc2nccc(n2)c3cccnc3)C(=O)Nc4cc(cc(c4)F)n5cc(nc5)C,6.13,479.186986544,5.476140000000004,2,7,6,36,36,135.93689999999992,97.62000000000002,0,O=C(Nc1cccc(-n2ccnc2)c1)c1cccc(Nc2nccc(-c3cccnc3)n2)c1,nonAC
Cc1ccc(cc1Nc2nccc(n2)c3cccnc3)C(=O)Nc4cccc(c4)n5cc(nc5)C,5.53,461.19640835600006,5.337040000000004,2,7,6,35,35,135.9788999999999,97.62000000000002,0,O=C(Nc1cccc(-n2ccnc2)c1)c1cccc(Nc2nccc(-c3cccnc3)n2)c1,nonAC
Cc1cc(on1)c2cnc(nc2NC3CCC(CC3)N(C)C)Nc4cc(cc(c4)Cl)Cl,6.09,460.154514812,5.775120000000005,2,7,6,31,31,125.36440000000002,79.11,0,c1ccc(Nc2ncc(-c3ccno3)c(NC3CCCCC3)n2)cc1,nonAC
CN1CCC(CC1)NC(=O)c2cnc(nc2NC3COCC3O)Nc4cc(cc(c4)Cl)Cl,4.52,480.144344052,2.5226000000000006,4,8,6,32,32,123.9984,111.64,0,O=C(NC1CCNCC1)c1cnc(Nc2ccccc2)nc1NC1CCOC1,nonAC
CN1CCC(CC1)NC(=O)c2cnc(nc2NC3CCCC3)NCc4cc(ccc4Cl)Cl,5.5,476.18581494,4.5740000000000025,3,6,7,32,32,129.6846,82.18,0,O=C(NC1CCNCC1)c1cnc(NCc2ccccc2)nc1NC1CCCC1,nonAC
CN1CCC(CC1)NC(=O)c2cnc(nc2NC3CCCC3)NCc4ccccc4OC,4.68,438.274324328,3.275800000000001,3,7,8,32,32,126.21660000000004,91.41,0,O=C(NC1CCNCC1)c1cnc(NCc2ccccc2)nc1NC1CCCC1,nonAC
Cc1ccc(cc1C#Cc2cncnc2)NC(=O)c3ccc(c(c3)C(F)(F)F)Cn4ccnc4,7.02,461.146344856,4.700720000000003,1,5,4,34,34,119.9172,72.7,0,O=C(Nc1cccc(C#Cc2cncnc2)c1)c1ccc(Cn2ccnc2)cc1,nonAC
Cn1c(cc(n1)NC(=O)Nc2ccc(c(c2)C(F)(F)F)CN3CCN(CC3)C)C#Cc4cccnc4,7.495,497.2150931120001,3.6251000000000015,2,6,4,36,36,130.2844,78.32000000000001,0,O=C(Nc1ccc(CN2CCNCC2)cc1)Nc1cc(C#Cc2cccnc2)[nH]n1,nonAC
CCCCn1c(cn2c1nc3c2c(=O)[nH]c(=O)n3C)c4cc(ccc4C)c5cccc6c5cn[nH]6,6.69,467.2069730400001,3.9948200000000025,2,7,5,35,35,136.71839999999992,105.77,0,O=c1[nH]c(=O)c2c(nc3[nH]c(-c4cccc(-c5cccc6[nH]ncc56)c4)cn32)[nH]1,nonAC
CCCCn1c(cn2c1nc3c2c(=O)[nH]c(=O)n3C)c4ccc(cc4C)F,5.89,369.1601031,2.5906200000000004,1,6,4,27,27,101.58870000000005,77.09,0,O=c1[nH]c(=O)c2c(nc3[nH]c(-c4ccccc4)cn32)[nH]1,nonAC
Cc1ccc(cc1c2cn3c4c(=O)[nH]c(=O)n(c4nc3n2c5ccccc5OC)C)O,9.04,417.143704088,2.3548200000000006,2,8,3,31,31,116.2765,106.55,0,O=c1[nH]c(=O)c2c(nc3n(-c4ccccc4)c(-c4ccccc4)cn23)[nH]1,nonAC
CCCCn1c(cn2c1nc3c2c(=O)[nH]c(=O)n3C)c4ccccc4C,6.24,351.16952491200004,2.4515200000000004,1,6,4,26,26,101.63070000000003,77.09,0,O=c1[nH]c(=O)c2c(nc3[nH]c(-c4ccccc4)cn32)[nH]1,nonAC
c1ccc(c(c1)c2c(c[nH]n2)C=C3c4ccccc4NC3=O)[N+](=O)[O-],6.57,332.090940244,3.4776000000000016,2,4,3,25,25,93.62080000000005,100.92,0,O=C1Nc2ccccc2C1=Cc1c[nH]nc1-c1ccccc1,nonAC
CN1CCN(CC1)c2ccc3c(c2)[nH]c(n3)c4c(c5c(cccc5F)[nH]c4=O)N,6.35,392.176087512,2.5445,3,5,2,29,29,113.73680000000004,94.04,0,O=c1[nH]c2ccccc2cc1-c1nc2ccc(N3CCNCC3)cc2[nH]1,nonAC
CC(C)(C)c1cc(n(n1)c2cccc(c2)N)NC(=O)Nc3cccc(c3)Nc4c5ccccc5ncn4,7.64,492.23860751600006,6.082800000000004,4,7,5,37,37,148.58049999999986,122.78,0,O=C(Nc1cccc(Nc2ncnc3ccccc23)c1)Nc1ccnn1-c1ccccc1,nonAC
CC(C)(C)c1cc(n(n1)c2cccc(c2)N)NC(=O)Nc3ccc(cc3)Nc4c5ccccc5ncn4,7.4,492.23860751600006,6.082800000000004,4,7,5,37,37,148.58049999999986,122.78,0,O=C(Nc1ccc(Nc2ncnc3ccccc23)cc1)Nc1ccnn1-c1ccccc1,nonAC
c1ccc(cc1)c2cc(=O)c3c(cc(cc3o2)OCC(=O)NCCN4CCOCC4)O,5.37,424.163436488,1.9928000000000003,2,7,7,31,31,115.34850000000006,101.24,0,O=C(COc1ccc2c(=O)cc(-c3ccccc3)oc2c1)NCCN1CCOCC1,nonAC
c1ccc(cc1)CNC(=O)COc2cc(c3c(=O)cc(oc3c2)c4ccccc4)O,5.64,401.126322708,3.8608000000000025,2,5,6,30,30,113.3685,88.77,0,O=C(COc1ccc2c(=O)cc(-c3ccccc3)oc2c1)NCc1ccccc1,nonAC
COc1cccc(c1)NC(=O)COc2cc(c3c(=O)cc(oc3c2)c4ccccc4)O,6.09,417.121237328,4.191700000000004,2,6,6,31,31,116.7035,98.0,0,O=C(COc1ccc2c(=O)cc(-c3ccccc3)oc2c1)Nc1ccccc1,nonAC
c1ccc(cc1)c2cc(=O)c3c(cc(cc3o2)OCC(=O)Nc4ccccc4Br)O,4.75,465.021184712,4.945600000000003,2,5,5,30,30,117.85150000000002,88.77,0,O=C(COc1ccc2c(=O)cc(-c3ccccc3)oc2c1)Nc1ccccc1,nonAC
c1ccc(cc1)c2cc(=O)c3c(cc(cc3o2)OCC(=O)Nc4cccc(c4)Br)O,5.98,465.021184712,4.945600000000003,2,5,5,30,30,117.85150000000002,88.77,0,O=C(COc1ccc2c(=O)cc(-c3ccccc3)oc2c1)Nc1ccccc1,nonAC
c1ccc(cc1)c2cc(=O)c3c(cc(cc3o2)OCC(=O)Nc4ccc(cc4)Br)O,6.54,465.021184712,4.945600000000003,2,5,5,30,30,117.85150000000002,88.77,0,O=C(COc1ccc2c(=O)cc(-c3ccccc3)oc2c1)Nc1ccccc1,nonAC
Cc1ccc(cc1)NC(=O)COc2cc(c3c(=O)cc(oc3c2)c4ccccc4)O,6.51,401.126322708,4.491520000000004,2,5,5,30,30,114.8885,88.77,0,O=C(COc1ccc2c(=O)cc(-c3ccccc3)oc2c1)Nc1ccccc1,nonAC
Cc1cccc(c1)NC(=O)COc2cc(c3c(=O)cc(oc3c2)c4ccccc4)O,5.73,401.126322708,4.491520000000004,2,5,5,30,30,114.8885,88.77,0,O=C(COc1ccc2c(=O)cc(-c3ccccc3)oc2c1)Nc1ccccc1,nonAC
c1ccc(cc1)c2cc(=O)c3c(cc(cc3o2)OCC(=O)Nc4c(cccn4)F)O,5.66,406.09649980000006,3.7172000000000014,2,6,5,30,30,107.90450000000004,101.66,0,O=C(COc1ccc2c(=O)cc(-c3ccccc3)oc2c1)Nc1ccccn1,nonAC
c1ccc(cc1)c2cc(=O)c3c(cc(cc3o2)OCC(=O)Nc4ccccn4)O,4.95,388.105921612,3.578100000000003,2,6,5,29,29,107.9465,101.66,0,O=C(COc1ccc2c(=O)cc(-c3ccccc3)oc2c1)Nc1ccccn1,nonAC
Cc1cc(ncc1Br)NC(=O)COc2cc(c3c(=O)cc(oc3c2)c4ccccc4)O,5.82,480.032083744,4.649020000000004,2,6,5,31,31,120.38349999999998,101.66,0,O=C(COc1ccc2c(=O)cc(-c3ccccc3)oc2c1)Nc1ccccn1,nonAC
c1ccc(cc1)c2cc(=O)c3c(cc(cc3o2)OCC(=O)Nc4cc(ccn4)Br)O,5.91,466.0164336800001,4.340600000000003,2,6,5,30,30,115.64650000000002,101.66,0,O=C(COc1ccc2c(=O)cc(-c3ccccc3)oc2c1)Nc1ccccn1,nonAC
c1ccc(cc1)c2cc(=O)c3c(cc(cc3o2)OCC(=O)Nc4ccc(cn4)Br)O,6.92,466.0164336800001,4.340600000000003,2,6,5,30,30,115.64650000000002,101.66,0,O=C(COc1ccc2c(=O)cc(-c3ccccc3)oc2c1)Nc1ccccn1,nonAC
Cc1ccnc(c1)NC(=O)COc2cc(c3c(=O)cc(oc3c2)c4ccccc4)O,6.59,402.121571676,3.886520000000003,2,6,5,30,30,112.6835,101.66,0,O=C(COc1ccc2c(=O)cc(-c3ccccc3)oc2c1)Nc1ccccn1,nonAC
Cc1ccc(nc1)NC(=O)COc2cc(c3c(=O)cc(oc3c2)c4ccccc4)O,6.13,402.121571676,3.886520000000003,2,6,5,30,30,112.6835,101.66,0,O=C(COc1ccc2c(=O)cc(-c3ccccc3)oc2c1)Nc1ccccn1,nonAC
Cc1cccc(n1)NC(=O)COc2cc(c3c(=O)cc(oc3c2)c4cc(ccc4F)F)O,5.37,438.102728052,4.164720000000003,2,6,5,32,32,112.59950000000003,101.66,0,O=C(COc1ccc2c(=O)cc(-c3ccccc3)oc2c1)Nc1ccccn1,nonAC
Cc1cccc(n1)NC(=O)COc2cc(c3c(=O)cc(oc3c2)c4ccccc4)O,5.48,402.121571676,3.886520000000003,2,6,5,30,30,112.6835,101.66,0,O=C(COc1ccc2c(=O)cc(-c3ccccc3)oc2c1)Nc1ccccn1,nonAC
c1ccc(cc1)c2cccc(c2)Nc3c4cc5c(cc4ncn3)OCCCO5,7.25,369.147726848,5.201700000000002,1,5,3,28,28,110.30570000000004,56.27000000000001,0,c1ccc(-c2cccc(Nc3ncnc4cc5c(cc34)OCCCO5)c2)cc1,nonAC
c1ccc(cc1)c2cccc(c2)Nc3c4cc5c(cc4ncn3)OCCO5,7.62,355.132076784,4.811600000000002,1,5,3,27,27,105.68870000000004,56.27000000000001,0,c1ccc(-c2cccc(Nc3ncnc4cc5c(cc34)OCCO5)c2)cc1,nonAC
c1ccc(cc1)c2cccc(c2)Nc3c4cc5c(cc4ncn3)OCO5,7.29,341.11642672,4.769100000000002,1,5,3,26,26,100.82170000000002,56.27000000000001,0,c1ccc(-c2cccc(Nc3ncnc4cc5c(cc34)OCO5)c2)cc1,nonAC
c1[nH]c2c(n1)c(ncn2)N3CCC4(CCCNC4)CC3,5.16,272.17494464,1.3228999999999995,2,5,1,20,20,77.66740000000003,69.73,0,c1nc(N2CCC3(CCCNC3)CC2)c2nc[nH]c2n1,nonAC
c1cc(ccc1[N+](=O)[O-])S(=O)(=O)Nc2ccc(c(c2)Sc3[nH]ncn3)O,5.82,393.0201604520001,2.3704999999999994,3,8,6,26,26,92.5174,151.11,0,O=S(=O)(Nc1cccc(Sc2ncn[nH]2)c1)c1ccccc1,nonAC
CN1CCN(CC1)Cc2ccc(cc2)c3cc4c(c[nH]c4nc3)c5cc6cc[nH]c6nc5,6.55,422.2218948320001,4.520600000000003,2,4,4,32,32,129.3914,63.84,0,c1cc2cc(-c3c[nH]c4ncc(-c5ccc(CN6CCNCC6)cc5)cc34)cnc2[nH]1,nonAC
CN1CCN(CC1)Cc2ccc(cc2)c3cc4c(c[nH]c4nc3)c5ccc6c(c5)cc[nH]6,8.345,421.2266458640001,5.125600000000004,2,3,4,32,32,131.5964,50.95,0,c1cc2cc(-c3c[nH]c4ncc(-c5ccc(CN6CCNCC6)cc5)cc34)ccc2[nH]1,nonAC
CN1CCN(CC1)c2ccc(cc2)Nc3ncc4cc(c(=O)n(c4n3)C5CCCC5)C#N,7.27,429.22770848400006,3.273680000000001,1,8,4,32,32,125.45270000000006,90.07999999999998,0,O=c1ccc2cnc(Nc3ccc(N4CCNCC4)cc3)nc2n1C1CCCC1,nonAC
CC(c1ncc(cn1)F)Nc2nc3c(cc[nH]3)c(n2)Nc4cn(cn4)C,7.6,353.15126973200006,2.5372000000000003,3,8,5,26,26,94.4071,109.23,0,c1cnc(CNc2nc(Nc3c[nH]cn3)c3cc[nH]c3n2)nc1,nonAC
C#Cc1cccc(c1)Nc2c3cc(ccc3ncn2)OCc4ccc(cc4)C(=O)Nc5ccccc5N,5.16,485.185174976,5.7682000000000055,3,6,7,37,37,146.77929999999986,102.16,0,O=C(Nc1ccccc1)c1ccc(COc2ccc3ncnc(Nc4ccccc4)c3c2)cc1,nonAC
C#Cc1cccc(c1)Nc2c3cc(ccc3ncn2)S(=O)(=O)n4ccc(c4)C=CC(=O)NO,4.57,459.100125024,2.9118000000000004,3,8,6,33,33,123.17670000000004,126.21,0,O=S(=O)(c1ccc2ncnc(Nc3ccccc3)c2c1)n1cccc1,nonAC
COCCOc1cc2c(cc1OCCOC)ncnc2Nc3cccc(c3)C#C,5.68,393.1688562160001,3.405100000000002,1,7,10,29,29,111.93970000000004,74.73,0,c1ccc(Nc2ncnc3ccccc23)cc1,nonAC
Cc1c2c(nnc(n2)Nc3ccc(cc3)S(=O)(=O)N4CCNCC4)n(n1)C,5.24,388.14299288000007,0.4042199999999994,2,9,4,27,27,100.18920000000004,117.93,0,O=S(=O)(c1ccc(Nc2nnc3[nH]ncc3n2)cc1)N1CCNCC1,nonAC
Cc1c2c(nnc(n2)Nc3ccc(cc3)S(=O)(=O)NCCO)n(n1)C,4.41,363.111358404,0.0809199999999994,3,9,6,25,25,90.83500000000004,134.92000000000002,0,c1ccc(Nc2nnc3[nH]ncc3n2)cc1,nonAC
Cc1c2c(nnc(n2)Nc3ccc(cc3)S(=O)(=O)N4CCCNCC4)n(n1)C,5.23,402.15864294400006,0.7943199999999995,2,9,4,28,28,104.80620000000005,117.93,0,O=S(=O)(c1ccc(Nc2nnc3[nH]ncc3n2)cc1)N1CCCNCC1,nonAC
Cc1c2c(nnc(n2)Nc3ccc(cc3)S(=O)(=O)NCCN)n(n1)C,4.82,362.12734281600007,0.0473200000000003,3,9,6,25,25,92.80360000000005,140.70999999999998,0,c1ccc(Nc2nnc3[nH]ncc3n2)cc1,nonAC
Cc1c2c(nnc(n2)Nc3ccc(cc3)S(=O)(=O)N)n(n1)C,4.48,319.08514365600007,0.4577199999999995,2,8,3,22,22,79.93390000000002,128.68,0,c1ccc(Nc2nnc3[nH]ncc3n2)cc1,nonAC
Cc1c2c(nnc(n2)Nc3ccc(cc3)S(=O)(=O)NCCN4CCOCC4)n(n1)C,4.7,432.169207628,0.4208200000000004,2,10,7,30,30,111.00820000000004,127.16,0,O=S(=O)(NCCN1CCOCC1)c1ccc(Nc2nnc3[nH]ncc3n2)cc1,nonAC
Cc1c2c(nnc(n2)Nc3ccc(cc3)S(=O)(=O)NCC(CO)O)n(n1)C,4.47,393.121923088,-0.5581800000000003,4,10,7,27,27,96.84180000000003,155.15000000000003,0,c1ccc(Nc2nnc3[nH]ncc3n2)cc1,nonAC
c1ccc(cc1)c2cccc(c2)Nc3c4cc5c(cc4ncn3)OCO5,7.29,341.11642672,4.769100000000002,1,5,3,26,26,100.82170000000002,56.27000000000001,0,c1ccc(-c2cccc(Nc3ncnc4cc5c(cc34)OCO5)c2)cc1,nonAC
c1ccc(cc1)c2cccc(c2)Nc3c4cc5c(cc4ncn3)OCCO5,7.62,355.132076784,4.811600000000002,1,5,3,27,27,105.68870000000004,56.27000000000001,0,c1ccc(-c2cccc(Nc3ncnc4cc5c(cc34)OCCO5)c2)cc1,nonAC
c1ccc(cc1)c2cccc(c2)Nc3c4cc5c(cc4ncn3)OCCCO5,7.25,369.147726848,5.201700000000002,1,5,3,28,28,110.30570000000004,56.27000000000001,0,c1ccc(-c2cccc(Nc3ncnc4cc5c(cc34)OCCCO5)c2)cc1,nonAC
COC(=O)c1cc2cc(cnc2[nH]1)NC(=O)c3ccc4c(c3)cc[nH]4,5.49,334.106590308,3.083100000000001,3,4,3,25,25,93.6851,99.86999999999998,0,O=C(Nc1cnc2[nH]ccc2c1)c1ccc2[nH]ccc2c1,nonAC
COC(=O)c1cc2cc(cnc2[nH]1)NCc3cc4cc[nH]c4nc3,6.87,321.12257472000005,2.8379000000000003,3,5,4,24,24,90.8536,95.68999999999998,0,c1cc2cc(CNc3cnc4[nH]ccc4c3)cnc2[nH]1,nonAC
Cc1cc2c(cc1CNc3cc4cc([nH]c4nc3)C(=O)OC)nc[nH]2,6.78,335.13822478400004,3.14632,3,5,4,25,25,95.5906,95.69,0,c1nc2cc(CNc3cnc4[nH]ccc4c3)ccc2[nH]1,nonAC
COC(=O)c1cc2cc(cnc2[nH]1)NCc3ccc4c(c3)nc[nH]4,6.34,321.12257472000005,2.8379000000000003,3,5,4,24,24,90.8536,95.69,0,c1nc2cc(CNc3cnc4[nH]ccc4c3)ccc2[nH]1,nonAC
COC(=O)c1cc2cc(cnc2[nH]1)NCc3ccc4cc[nH]c4c3,5.98,320.127325752,3.4429000000000007,3,4,4,24,24,93.05860000000004,82.79999999999998,0,c1cc2ccc(CNc3cnc4[nH]ccc4c3)cc2[nH]1,nonAC
COC(=O)c1cc2cc(cnc2[nH]1)NCc3ccc4c(c3)cc[nH]4,7.41,320.127325752,3.4429000000000007,3,4,4,24,24,93.0586,82.79999999999998,0,c1cc2cc(CNc3cnc4[nH]ccc4c3)ccc2[nH]1,nonAC
CCn1c(ccn1)CNc2cc3cc([nH]c3nc2)C(=O)OC,6.12,299.138224784,2.178,2,6,5,22,22,82.66090000000003,84.83,0,c1cc(CNc2cnc3[nH]ccc3c2)[nH]n1,nonAC
COC(=O)c1cc2cc(cnc2[nH]1)NCc3cc[nH]n3,6.23,271.10692465600005,1.6847,3,5,4,20,20,73.34760000000001,95.68999999999998,0,c1cc(CNc2cnc3[nH]ccc3c2)n[nH]1,nonAC
COC(=O)c1cc2cc(cnc2[nH]1)NCc3cccs3,6.83,287.072847656,3.023100000000001,2,5,4,20,20,79.07890000000002,67.00999999999999,0,c1csc(CNc2cnc3[nH]ccc3c2)c1,nonAC
Cc1cccc(c1CNc2cc3cc([nH]c3nc2)C(=O)OC)Cl,8.85,329.093104432,3.923420000000002,2,4,4,23,23,90.9489,67.01,0,c1ccc(CNc2cnc3[nH]ccc3c2)cc1,AC
COC(=O)c1cc2cc(cnc2[nH]1)NCc3c(cccc3Cl)Cl,8.28,349.038482016,4.268400000000002,2,4,4,23,23,91.22190000000002,67.00999999999999,0,c1ccc(CNc2cnc3[nH]ccc3c2)cc1,AC
COc1ccccc1CNc2cc3cc([nH]c3nc2)C(=O)OC,6.29,311.126991404,2.9702,2,5,5,23,23,87.75390000000003,76.24,0,c1ccc(CNc2cnc3[nH]ccc3c2)cc1,AC
COC(=O)c1cc2cc(cnc2[nH]1)NCc3ccccc3C(F)(F)F,6.78,349.103811348,3.980400000000002,2,4,4,25,25,86.20390000000003,67.00999999999999,0,c1ccc(CNc2cnc3[nH]ccc3c2)cc1,AC
Cc1ccccc1CNc2cc3cc([nH]c3nc2)C(=O)OC,7.72,295.132076784,3.2700200000000006,2,4,4,22,22,85.93890000000002,67.01,0,c1ccc(CNc2cnc3[nH]ccc3c2)cc1,AC
COC(=O)c1cc2cc(cnc2[nH]1)NCc3ccccc3Br,6.88,359.026938788,3.7241000000000017,2,4,4,22,22,88.90190000000004,67.00999999999999,0,c1ccc(CNc2cnc3[nH]ccc3c2)cc1,AC
Cc1cc([nH]n1)C(=O)Nc2cc3cc([nH]c3nc2)C(=O)OC,6.09,299.101839276,1.6333199999999997,3,5,3,22,22,78.71110000000002,112.76,0,O=C(Nc1cnc2[nH]ccc2c1)c1ccn[nH]1,nonAC
Cc1cccc(c1C(=O)Nc2cc3cc([nH]c3nc2)C(=O)OC)Cl,7.55,343.07236898799994,3.563620000000001,2,4,3,24,24,91.57540000000002,84.08,0,O=C(Nc1cnc2[nH]ccc2c1)c1ccccc1,AC
COC(=O)c1cc2cc(cnc2[nH]1)NC(=O)c3c(cccc3Cl)Cl,7.43,363.017746572,3.9086000000000016,2,4,3,24,24,91.8484,84.07999999999998,0,O=C(Nc1cnc2[nH]ccc2c1)c1ccccc1,AC
COc1cccc(c1C(=O)Nc2cc3cc([nH]c3nc2)C(=O)OC)F,7.1575,343.0968341479999,2.7495000000000003,2,5,4,25,25,88.33840000000002,93.31,0,O=C(Nc1cnc2[nH]ccc2c1)c1ccccc1,AC
COC(=O)c1cc2cc(cnc2[nH]1)NC(=O)c3ccccc3C(F)(F)F,6.36,363.083075904,3.620600000000002,2,4,3,26,26,86.83040000000003,84.07999999999998,0,O=C(Nc1cnc2[nH]ccc2c1)c1ccccc1,AC
Cc1ccccc1C(=O)Nc2cc3cc([nH]c3nc2)C(=O)OC,7.52,309.11134134,2.9102200000000007,2,4,3,23,23,86.56540000000003,84.08,0,O=C(Nc1cnc2[nH]ccc2c1)c1ccccc1,AC
c1ccc(c(c1)C(=O)Nc2cc3cc([nH]c3nc2)CO)Br,5.21,345.011288724,3.0700000000000007,3,3,3,21,21,84.11170000000001,78.01,0,O=C(Nc1cnc2[nH]ccc2c1)c1ccccc1,AC
COCc1cc2cc(cnc2[nH]1)NC(=O)c3ccccc3Br,5.64,359.026938788,3.7241000000000017,2,3,4,22,22,88.90190000000004,67.00999999999999,0,O=C(Nc1cnc2[nH]ccc2c1)c1ccccc1,AC
COC(=O)c1cc2cc(cnc2[nH]1)NC(=O)c3ccccc3Br,6.845,373.006203344,3.364300000000002,2,4,3,23,23,89.52840000000003,84.07999999999998,0,O=C(Nc1cnc2[nH]ccc2c1)c1ccccc1,AC
c1ccc(c(c1)C(=O)Nc2cc3cc([nH]c3nc2)Cc4ccc[nH]4)Br,6.16,394.0429232000001,4.496600000000001,3,2,4,25,25,101.78759999999998,73.57,0,O=C(Nc1cnc2[nH]c(Cc3ccc[nH]3)cc2c1)c1ccccc1,nonAC
CN(C)CCCNC(=O)c1cc2cc(cnc2[nH]1)NC(=O)c3ccccc3Br,6.8775,443.09568704399993,3.2592000000000008,3,4,7,28,28,113.69310000000002,90.12,0,O=C(Nc1cnc2[nH]ccc2c1)c1ccccc1,AC
CN(Cc1ccccc1)C(=O)c2ccc(cc2)S(=O)(=O)Nc3ccccc3,5.25,380.1194635,3.7596000000000025,1,3,6,27,27,105.93200000000002,66.48,0,O=C(NCc1ccccc1)c1ccc(S(=O)(=O)Nc2ccccc2)cc1,nonAC
CCNC(=O)Nc1ccc2c(n1)cc(cn2)c3ccc(cc3)OC,4.68,322.142975816,3.4468000000000023,2,4,4,24,24,94.22140000000005,76.14,0,c1ccc(-c2cnc3cccnc3c2)cc1,nonAC
CC(C)(C)NC(=O)Nc1ccc2c(n1)cc(cn2)c3cnn(c3)C,5.22,324.16985926,2.9503000000000013,2,5,2,24,24,93.64740000000003,84.72999999999999,0,c1cnc2cc(-c3cn[nH]c3)cnc2c1,nonAC
Cc1ccc(cc1c2c(cc([nH]2)c3ccnc(n3)N)C(=O)N)Cl,6.37,327.088687748,2.78162,3,4,3,23,23,89.932,110.68,0,c1ccc(-c2ccc(-c3ccncn3)[nH]2)cc1,nonAC
Cc1ccc(cc1c2c(cc([nH]2)c3ccnc(n3)N)C(=O)NC)Cl,6.32,341.104337812,3.04232,3,4,3,24,24,94.8043,96.69,0,c1ccc(-c2ccc(-c3ccncn3)[nH]2)cc1,nonAC
Cc1ccc(cc1c2c(cc([nH]2)c3ccnc(n3)NC)C(=O)N)Cl,6.0,341.104337812,3.2411200000000004,3,4,4,24,24,95.0663,96.69,0,c1ccc(-c2ccc(-c3ccncn3)[nH]2)cc1,nonAC
c1cc(c(cc1Cl)c2c(cc([nH]2)c3ccnc(n3)N)C(=O)N)Cl,6.16,347.034065332,3.1266000000000007,3,4,3,23,23,90.205,110.68,0,c1ccc(-c2ccc(-c3ccncn3)[nH]2)cc1,nonAC
Cc1ccc(cc1c2c(cc([nH]2)c3ccnc(n3)N)C(=O)N)C(F)(F)F,6.12,361.115044728,3.1470200000000004,3,4,3,26,26,89.924,110.68,0,c1ccc(-c2ccc(-c3ccncn3)[nH]2)cc1,nonAC
c1cc(c(cc1C(F)(F)F)c2c(cc([nH]2)c3ccnc(n3)N)C(=O)N)Cl,6.32,381.06042231200007,3.492000000000001,3,4,3,26,26,90.19700000000002,110.68,0,c1ccc(-c2ccc(-c3ccncn3)[nH]2)cc1,nonAC
c1cc(c(cc1OC(F)(F)F)c2c(cc([nH]2)c3ccnc(n3)N)C(=O)N)Cl,5.96,397.0553369320001,3.3718000000000004,3,5,4,27,27,91.878,119.90999999999998,0,c1ccc(-c2ccc(-c3ccncn3)[nH]2)cc1,nonAC
c1cc(c(cc1C(F)(F)F)c2c(cc([nH]2)c3ccnc(n3)N)C(=O)N)C(F)(F)F,5.51,415.0867792920001,3.857400000000001,3,4,3,29,29,90.18900000000002,110.68,0,c1ccc(-c2ccc(-c3ccncn3)[nH]2)cc1,nonAC
CCc1ccc(cc1c2c(cc([nH]2)c3ccnc(n3)N)C(=O)N)Cl,6.68,341.104337812,3.0356000000000005,3,4,4,24,24,94.57300000000002,110.68,0,c1ccc(-c2ccc(-c3ccncn3)[nH]2)cc1,nonAC
CCc1ccc(cc1c2c(cc([nH]2)c3ccnc(n3)N)C(=O)N)C(F)(F)F,6.5,375.130694792,3.4010000000000007,3,4,4,27,27,94.56500000000004,110.68,0,c1ccc(-c2ccc(-c3ccncn3)[nH]2)cc1,nonAC
CN(C)CC=C(C(=O)Nc1cc2c(cc1OC)ncnc2Nc3ccc(c(c3)Cl)F)F,5.65,447.127359,4.528000000000003,2,6,7,31,31,117.15740000000004,79.38000000000001,0,c1ccc(Nc2ncnc3ccccc23)cc1,nonAC
CCOc1ccc(cc1c2nc3c(nn(c3nn2)C)C)S(=O)(=O)N4CCCNCC4,5.23,431.17395866,1.1164199999999995,1,9,5,30,30,111.68650000000004,115.12999999999998,0,O=S(=O)(c1cccc(-c2nnc3[nH]ncc3n2)c1)N1CCCNCC1,nonAC
CN1CCN(CC1)c2ccc(cc2)Nc3ncc(c(n3)NCC4CCCO4)Cl,6.69,402.193487164,3.2163000000000013,2,7,6,28,28,113.94040000000004,65.55,0,c1cc(NCC2CCCO2)nc(Nc2ccc(N3CCNCC3)cc2)n1,nonAC
Cc1cc(c(cc1c2cc3cnc(nc3nc2C)NC)NC(=O)NCCC(C)(C)C)F,6.42,424.238687768,5.047140000000003,3,5,5,31,31,122.84110000000008,91.83,0,c1ccc(-c2cnc3ncncc3c2)cc1,nonAC
c1cc(cc(c1)F)C2CCCN2c3ccc4ncc(n4n3)c5ccnc(c5)N6CCC(CC6)O,5.28,458.223037704,4.233000000000004,1,7,4,34,34,129.39280000000005,69.79,0,c1ccc(C2CCCN2c2ccc3ncc(-c4ccnc(N5CCCCC5)c4)n3n2)cc1,nonAC
c1ccc(cc1)CNc2ccc3ncc(n3n2)c4ccc(cc4)C#N,5.42,325.13274548000004,3.880080000000002,1,5,4,25,25,96.9067,66.00999999999999,0,c1ccc(CNc2ccc3ncc(-c4ccccc4)n3n2)cc1,nonAC
Cc1ccc(cc1n2cc(cn2)c3cccnc3)NC(=O)c4ccc(cc4)CN5CCN(CC5)CCO,6.76,496.258674264,3.604920000000002,2,7,8,37,37,144.72999999999988,86.52000000000001,0,O=C(Nc1cccc(-n2cc(-c3cccnc3)cn2)c1)c1ccc(CN2CCNCC2)cc1,nonAC
CCN1CCN(CC1)Cc2ccc(cc2)C(=O)Nc3ccc(c(c3)n4cc(cn4)c5cccnc5)C,7.77,480.26375964400006,4.632520000000004,1,6,7,36,36,143.31819999999982,66.28999999999999,0,O=C(Nc1cccc(-n2cc(-c3cccnc3)cn2)c1)c1ccc(CN2CCNCC2)cc1,nonAC
Cc1ccc(cc1n2cc(cn2)c3cccnc3)NC(=O)c4ccc(cc4)CN5CCCC5,6.93,437.221560484,5.090820000000004,1,5,6,33,33,130.43820000000002,63.05,0,O=C(Nc1cccc(-n2cc(-c3cccnc3)cn2)c1)c1ccc(CN2CCCC2)cc1,nonAC
Cc1ccc(cc1n2cc(cn2)c3cccnc3)NC(=O)c4ccc(cc4)CN5CCCN(CC5)C,7.58,480.263759644,4.632520000000004,1,6,6,36,36,143.31819999999985,66.29,0,O=C(Nc1cccc(-n2cc(-c3cccnc3)cn2)c1)c1ccc(CN2CCCNCC2)cc1,nonAC
CCN(CC)Cc1ccc(cc1)C(=O)Nc2ccc(c(c2)n3cc(cn3)c4cccnc4)C,6.89,439.23721054800006,5.336820000000005,1,5,8,33,33,132.55219999999994,63.05,0,O=C(Nc1cccc(-n2cc(-c3cccnc3)cn2)c1)c1ccccc1,nonAC
Cc1ccc(cc1n2cc(cn2)c3cccnc3)NC(=O)c4ccc(cc4)Cn5ccnc5,6.49,434.185509324,4.739820000000004,1,6,6,33,33,127.25620000000002,77.63000000000001,0,O=C(Nc1cccc(-n2cc(-c3cccnc3)cn2)c1)c1ccc(Cn2ccnc2)cc1,nonAC
Cc1ccc(cc1n2cc(cn2)c3cccnc3)NC(=O)c4ccc(cc4)CN5CCOCC5,6.75,453.216475104,4.327220000000003,1,6,6,34,34,132.0232,72.28,0,O=C(Nc1cccc(-n2cc(-c3cccnc3)cn2)c1)c1ccc(CN2CCOCC2)cc1,nonAC
Cc1ccc(cc1n2cc(cn2)c3cccnc3)NC(=O)c4ccc(cc4)CN5CCN(CC5)C,7.3,466.24810958,4.242420000000003,1,6,6,35,35,138.70119999999991,66.29,0,O=C(Nc1cccc(-n2cc(-c3cccnc3)cn2)c1)c1ccc(CN2CCNCC2)cc1,nonAC
Cc1ccc(cc1n2cc(cn2)c3cccnc3)NC(=O)c4ccc(cc4)OC,7.34,384.15862587999993,4.503620000000003,1,5,5,29,29,112.47920000000003,69.04,0,O=C(Nc1cccc(-n2cc(-c3cccnc3)cn2)c1)c1ccccc1,nonAC
Cc1ccc(cc1n2cc(cn2)c3cccnc3)NC(=O)c4ccc(cc4)C(F)(F)F,7.36,422.135445824,5.513820000000003,1,4,4,31,31,110.92920000000004,59.81,0,O=C(Nc1cccc(-n2cc(-c3cccnc3)cn2)c1)c1ccccc1,nonAC
CCc1ccc(cc1)C(=O)Nc2ccc(c(c2)n3cc(cn3)c4cccnc4)C,7.39,382.179361324,5.057420000000004,1,4,5,29,29,115.3052,59.81,0,O=C(Nc1cccc(-n2cc(-c3cccnc3)cn2)c1)c1ccccc1,nonAC
Cc1ccc(cc1n2cc(cn2)c3cccnc3)NC(=O)c4ccc(cc4)F,6.67,372.138639384,4.634120000000002,1,4,4,28,28,105.88520000000004,59.81,0,O=C(Nc1cccc(-n2cc(-c3cccnc3)cn2)c1)c1ccccc1,nonAC
Cc1ccc(cc1n2cc(cn2)c3cccnc3)NC(=O)c4cccc(c4)Cl,7.8,388.109088844,5.148420000000002,1,4,4,28,28,110.93720000000002,59.81,0,O=C(Nc1cccc(-n2cc(-c3cccnc3)cn2)c1)c1ccccc1,nonAC
Cc1ccc(cc1n2cc(cn2)c3cccnc3)NC(=O)c4cccc(c4)C(F)(F)F,7.85,422.135445824,5.513820000000003,1,4,4,31,31,110.92920000000004,59.81,0,O=C(Nc1cccc(-n2cc(-c3cccnc3)cn2)c1)c1ccccc1,nonAC
CNC1CC2n3c4ccccc4c5c3c6c(c7ccccc7n6C(C1OC)O2)c8c5C(=O)NC8,6.835,452.184840628,4.179900000000003,2,6,2,34,34,131.03690000000003,69.45,0,O=C1NCc2c1c1c3ccccc3n3c1c1c2c2ccccc2n1C1CCCC3O1,nonAC
CC(C)n1c2c(c(n1)C#Cc3ccccc3)c(ncn2)N,6.25,277.13274548000004,2.3892,1,5,1,21,21,82.54240000000003,69.62,0,C(#Cc1n[nH]c2ncncc12)c1ccccc1,AC
CC(C)n1c2c(c(n1)C#Cc3cccc(c3)O)c(ncn2)N,8.1,293.12766010000007,2.0948,2,6,1,22,22,84.20720000000001,89.85,0,C(#Cc1n[nH]c2ncncc12)c1ccccc1,AC
CC(C)n1c2c(c(n1)C#Cc3cccc(c3)N)c(ncn2)N,6.34,292.14364451200004,1.9714,2,6,1,22,22,86.9548,95.64,0,C(#Cc1n[nH]c2ncncc12)c1ccccc1,AC
CC(C)n1c2c(c(n1)C#Cc3cccc(c3)F)c(ncn2)N,5.84,295.123323668,2.5283,1,5,1,22,22,82.50040000000001,69.62,0,C(#Cc1n[nH]c2ncncc12)c1ccccc1,AC
CC(C)n1c2c(c(n1)C#Cc3cccc(c3)Cl)c(ncn2)N,5.645,311.09377312800007,3.0426,1,5,1,22,22,87.55240000000002,69.62,0,C(#Cc1n[nH]c2ncncc12)c1ccccc1,AC
Cc1cccc(c1)C#Cc2c3c(ncnc3n(n2)C(C)C)N,5.875,291.14839554400004,2.69762,1,5,1,22,22,87.27940000000004,69.62,0,C(#Cc1n[nH]c2ncncc12)c1ccccc1,AC
CC(C)n1c2c(c(n1)C#Cc3cccc(c3)OC)c(ncn2)N,5.56,307.14331016400007,2.3978,1,6,2,23,23,89.09440000000002,78.85,0,C(#Cc1n[nH]c2ncncc12)c1ccccc1,AC
CC(C)n1c2c(c(n1)C#Cc3ccc(cc3)OC)c(ncn2)N,5.73,307.14331016400007,2.3978,1,6,2,23,23,89.09440000000002,78.85,0,C(#Cc1n[nH]c2ncncc12)c1ccccc1,AC
CC(C)n1c2c(c(n1)C#Cc3ccccc3OC)c(ncn2)N,6.28,307.14331016400007,2.3978,1,6,2,23,23,89.09440000000002,78.85,0,C(#Cc1n[nH]c2ncncc12)c1ccccc1,AC
CC(C)n1c2c(c(n1)C#Cc3ccc(cc3)O)c(ncn2)N,7.47,293.12766010000007,2.0948,2,6,1,22,22,84.20720000000001,89.85,0,C(#Cc1n[nH]c2ncncc12)c1ccccc1,AC
CC(C)n1c2c(c(n1)C#Cc3ccccc3O)c(ncn2)N,6.14,293.12766010000007,2.0948,2,6,1,22,22,84.20720000000001,89.85,0,C(#Cc1n[nH]c2ncncc12)c1ccccc1,AC
CC(C)n1c2c(c(n1)C=Cc3cccc(c3)O)c(ncn2)N,8.145,295.14331016400007,2.8654,2,6,3,22,22,87.15520000000002,89.85,0,C(=Cc1n[nH]c2ncncc12)c1ccccc1,nonAC
CC(C)n1c2c(c(n1)C#Cc3cccc(c3)NC(=O)c4cccc(c4)C(F)(F)F)c(ncn2)N,9.16,464.1572438880001,4.660300000000002,2,6,3,34,34,121.9396,98.72,0,O=C(Nc1cccc(C#Cc2n[nH]c3ncncc23)c1)c1ccccc1,nonAC
CC(C)n1c2c(c(n1)C#Cc3cccc(c3)C(=O)Nc4cccc(c4)C(F)(F)F)c(ncn2)N,8.925,464.1572438880001,4.660300000000002,2,6,3,34,34,121.9396,98.72,0,O=C(Nc1ccccc1)c1cccc(C#Cc2n[nH]c3ncncc23)c1,nonAC
COc1ccc(cc1)NC(=O)Nc2cncc3c2ncc(n3)c4ccccc4,4.6,371.138224784,4.344400000000002,2,5,4,28,28,108.4044,89.03,0,O=C(Nc1ccccc1)Nc1cncc2nc(-c3ccccc3)cnc12,nonAC
c1ccc(cc1)c2cnc3c(n2)cncc3Nc4ccc(cc4)N5CCCCC5,5.6,381.195345736,5.425700000000004,1,5,4,29,29,118.55770000000004,53.940000000000005,0,c1ccc(-c2cnc3c(Nc4ccc(N5CCCCC5)cc4)cncc3n2)cc1,nonAC
c1ccc(cc1)Nc2cncc3c2ncc(n3)c4ccc(cc4)N5CCCCC5,4.65,381.195345736,5.425700000000004,1,5,4,29,29,118.55770000000004,53.940000000000005,0,c1ccc(Nc2cncc3nc(-c4ccc(N5CCCCC5)cc4)cnc23)cc1,nonAC
COc1cccc(c1)Nc2cncc3c2ncc(n3)c4ccc(cc4)N5CCCCC5,5.1,411.20591042000007,5.434300000000005,1,6,5,31,31,125.10970000000005,63.17,0,c1ccc(Nc2cncc3nc(-c4ccc(N5CCCCC5)cc4)cnc23)cc1,nonAC
CCNC(=O)Nc1c2c(ccn1)nc(cn2)c3ccccc3,4.51,293.1276601,2.833200000000001,2,4,3,22,22,85.46440000000003,79.8,0,c1ccc(-c2cnc3cnccc3n2)cc1,nonAC
COc1ccccc1Nc2c3c(ccn2)nc(cn3)c4ccccc4,4.78,328.132411132,4.444000000000003,1,5,4,25,25,99.0457,59.93,0,c1ccc(Nc2nccc3nc(-c4ccccc4)cnc23)cc1,nonAC
c1ccc(cc1)c2cnc3c(n2)ccnc3Nc4ccc(cc4)N5CCCCC5,5.58,381.195345736,5.425700000000004,1,5,4,29,29,118.55770000000004,53.940000000000005,0,c1ccc(-c2cnc3c(Nc4ccc(N5CCCCC5)cc4)nccc3n2)cc1,nonAC
c1ccc(cc1)c2cnc3c(n2)ccnc3Nc4ccc(cc4)N5CCOCC5,4.94,383.174610292,4.272000000000002,1,6,4,29,29,115.5257,63.17,0,c1ccc(-c2cnc3c(Nc4ccc(N5CCOCC5)cc4)nccc3n2)cc1,nonAC
COc1ccc(cc1)c2cnc3c(n2)ccnc3Nc4ccc(cc4)N5CCCCC5,5.87,411.20591042000007,5.434300000000004,1,6,5,31,31,125.10970000000005,63.17000000000001,0,c1ccc(-c2cnc3c(Nc4ccc(N5CCCCC5)cc4)nccc3n2)cc1,nonAC
COc1ccc(cc1)c2cnc3c(n2)ccnc3Nc4ccc(cc4)N5CCOCC5,5.27,413.185174976,4.280600000000002,1,7,5,31,31,122.07770000000004,72.4,0,c1ccc(-c2cnc3c(Nc4ccc(N5CCOCC5)cc4)nccc3n2)cc1,nonAC
c1ccc(cc1)c2cnc3cnc(cc3n2)Nc4ccc(cc4)N5CCCCC5,5.06,381.195345736,5.425700000000004,1,5,4,29,29,118.55770000000004,53.940000000000005,0,c1ccc(-c2cnc3cnc(Nc4ccc(N5CCCCC5)cc4)cc3n2)cc1,nonAC
c1ccc(cc1)c2cnc3cc(ncc3n2)Nc4ccc(cc4)N5CCCCC5,4.89,381.195345736,5.425700000000004,1,5,4,29,29,118.55770000000004,53.940000000000005,0,c1ccc(-c2cnc3cc(Nc4ccc(N5CCCCC5)cc4)ncc3n2)cc1,nonAC
c1ccc(cc1)c2cnc3cncc(c3n2)Nc4ccc(cc4)N5CCCCC5,5.67,381.195345736,5.425700000000004,1,5,4,29,29,118.55770000000004,53.940000000000005,0,c1ccc(-c2cnc3cncc(Nc4ccc(N5CCCCC5)cc4)c3n2)cc1,nonAC
c1ccc(cc1)c2cnc3cncc(c3n2)Nc4ccc(cc4)N5CCOCC5,5.28,383.174610292,4.272000000000002,1,6,4,29,29,115.5257,63.17,0,c1ccc(-c2cnc3cncc(Nc4ccc(N5CCOCC5)cc4)c3n2)cc1,nonAC
COc1ccc(cc1)c2cnc3cncc(c3n2)Nc4cc(ccc4OC)OC,5.86,388.1535405,4.461200000000003,1,7,6,29,29,112.14970000000002,78.39000000000001,0,c1ccc(Nc2cncc3ncc(-c4ccccc4)nc23)cc1,nonAC
COc1ccc(cc1)c2cnc3cncc(c3n2)Nc4ccc(cc4)N5CCCCC5,5.64,411.20591042000007,5.434300000000004,1,6,5,31,31,125.10970000000005,63.17000000000001,0,c1ccc(-c2cnc3cncc(Nc4ccc(N5CCCCC5)cc4)c3n2)cc1,nonAC
COc1ccc(cc1)c2cnc3cncc(c3n2)Nc4ccc(cc4)N5CCOCC5,5.6,413.185174976,4.280600000000002,1,7,5,31,31,122.07770000000004,72.4,0,c1ccc(-c2cnc3cncc(Nc4ccc(N5CCOCC5)cc4)c3n2)cc1,nonAC
c1ccc(cc1)Nc2cncc3c2nc(cn3)c4ccc(cc4)N5CCCCC5,5.17,381.195345736,5.425700000000004,1,5,4,29,29,118.55770000000004,53.940000000000005,0,c1ccc(Nc2cncc3ncc(-c4ccc(N5CCCCC5)cc4)nc23)cc1,nonAC
COc1cccc(c1)Nc2cncc3c2nc(cn3)c4ccc(cc4)N5CCCCC5,5.11,411.20591042000007,5.434300000000005,1,6,5,31,31,125.10970000000005,63.17,0,c1ccc(Nc2cncc3ncc(-c4ccc(N5CCCCC5)cc4)nc23)cc1,nonAC
c1cc(cc(c1)O)c2cn(c3c2c(ncn3)N)C4CC(C4)CN5CCC5,5.19,349.19026035600007,3.0429000000000013,2,6,4,26,26,101.85920000000004,80.19999999999999,0,c1ccc(-c2cn(C3CC(CN4CCC4)C3)c3ncncc23)cc1,nonAC
CCOC(Cn1c2c(c(n1)c3cc4cc[nH]c4nc3)c(ncn2)N)OCC,5.92,367.175672912,2.3509,2,8,7,27,27,101.86310000000002,116.76,0,c1ncc2c(-c3cnc4[nH]ccc4c3)n[nH]c2n1,nonAC
c1cc2c(cc1c3c4c(ncnc4n(n3)CC5OCCO5)N)nc(o2)N,5.06,353.1236373400001,1.1717999999999995,2,10,3,26,26,92.8428,140.13,0,c1ncc2c(-c3ccc4ocnc4c3)nn(CC3OCCO3)c2n1,nonAC
COC(Cn1c2c(c(n1)c3ccc4c(c3)nc(o4)N)c(ncn2)N)OC,5.0,355.1392874040001,1.4177999999999995,2,10,5,26,26,94.95680000000002,140.13,0,c1ncc2c(-c3ccc4ocnc4c3)n[nH]c2n1,nonAC
c1ccc(cc1)C=Cn2c3c(cn2)c(ncn3)NC4CCCCC4,4.3,319.179695672,4.198800000000002,1,5,4,24,24,97.48470000000005,55.63,0,C(=Cn1ncc2c(NC3CCCCC3)ncnc21)c1ccccc1,nonAC
c1ccc(cc1)C=Cn2c3c(cn2)c(ncn3)N4CCCCCC4,4.7,319.179695672,3.834600000000002,0,5,3,24,24,97.67000000000006,46.84,0,C(=Cn1ncc2c(N3CCCCCC3)ncnc21)c1ccccc1,nonAC
Cc1ccc(cc1)c2c3c(ncnc3n(n2)CCN4CCC(CC4)N(C)C)N,5.2,379.248443928,2.409919999999999,1,7,5,28,28,113.05740000000004,76.10000000000001,0,c1ccc(-c2nn(CCN3CCCCC3)c3ncncc23)cc1,nonAC
Cc1ccc(cc1)c2c3c(ncnc3n(n2)CCN4CCC(CC4)CN(C)C)N,5.12,393.264093992,2.657519999999999,1,7,6,29,29,117.62640000000005,76.10000000000001,0,c1ccc(-c2nn(CCN3CCCCC3)c3ncncc23)cc1,nonAC
Cc1ccc(cc1)c2c3c(ncnc3n(n2)CCN4CCC(CC4)CCN(C)C)N,5.14,407.279744056,3.04762,1,7,7,30,30,122.24340000000004,76.10000000000001,0,c1ccc(-c2nn(CCN3CCCCC3)c3ncncc23)cc1,nonAC
Cc1ccc(cc1)c2c3c(ncnc3n(n2)C(C)(C)C)N,6.83,281.16404560800004,3.1389200000000006,1,5,1,21,21,84.90440000000004,69.62,0,c1ccc(-c2n[nH]c3ncncc23)cc1,AC
CN(C)CC1CCN(CC1)CCn2c3c(c(n2)c4cc5cc[nH]c5nc4)c(ncn3)N,6.94,419.25459192800014,2.2254,2,8,6,31,31,122.5411,104.78,0,c1ncc2c(-c3cnc4[nH]ccc4c3)nn(CCN3CCCCC3)c2n1,nonAC
CC(C)(C)OC(=O)Nc1ccc(cc1OC)c2c3c(ncnc3n(n2)CCN4CCN(CC4)C)N,5.33,482.2753869480002,2.6785,2,10,6,35,35,135.51710000000003,123.66,0,c1ccc(-c2nn(CCN3CCNCC3)c3ncncc23)cc1,nonAC
CC(C)(C)OC(=O)Cc1ccc(cc1)c2c3c(ncnc3n(n2)CCN4CCC(CC4)N(C)C)N,5.53,479.30087342400014,2.9857000000000005,1,9,7,35,35,137.86939999999998,102.4,0,c1ccc(-c2nn(CCN3CCCCC3)c3ncncc23)cc1,nonAC
